InventoryID	URL
1	NA
2	NA
3	NA
4	NA
5	NA
6	NA
7	NA
8	NA
9	NA
10	NA
11	NA
12	NA
13	NA
14	NA
15	NA
16	NA
17	NA
18	NA
19	NA
20	NA
21	NA
22	NA
23	NA
24	NA
25	NA
26	NA
27	NA
28	NA
29	NA
30	NA
31	NA
32	NA
33	NA
34	NA
35	NA
36	NA
37	NA
38	NA
39	NA
40	NA
41	NA
42	NA
43	NA
44	NA
45	NA
46	NA
47	NA
48	NA
49	NA
50	NA
51	NA
52	NA
53	NA
54	NA
55	NA
56	NA
57	NA
58	NA
59	NA
60	NA
61	NA
62	NA
63	NA
64	NA
65	NA
66	NA
67	NA
68	NA
69	NA
70	NA
71	NA
72	NA
73	NA
74	NA
75	NA
76	NA
77	NA
78	NA
79	NA
80	NA
81	NA
82	NA
83	NA
84	NA
85	NA
86	NA
87	NA
88	NA
89	NA
90	NA
91	NA
92	NA
93	NA
94	NA
95	NA
96	NA
97	NA
98	NA
99	NA
100	NA
101	NA
102	NA
103	NA
104	NA
105	NA
106	NA
107	NA
108	NA
109	NA
110	NA
111	NA
112	NA
113	NA
114	NA
115	NA
116	NA
117	NA
118	NA
119	NA
120	NA
121	NA
122	NA
123	NA
124	NA
125	NA
126	NA
127	NA
128	NA
129	NA
130	NA
131	NA
132	NA
133	NA
134	NA
135	NA
136	NA
137	NA
138	NA
139	NA
140	NA
141	NA
142	NA
143	NA
144	NA
145	NA
146	NA
147	NA
148	NA
149	NA
150	NA
151	NA
152	NA
153	NA
154	NA
155	NA
156	NA
157	NA
158	NA
159	NA
160	NA
161	NA
162	NA
163	NA
164	NA
165	NA
166	NA
167	NA
168	NA
169	NA
170	NA
171	NA
172	NA
173	NA
174	NA
175	NA
176	NA
177	NA
178	NA
179	NA
180	NA
181	NA
182	NA
183	NA
184	NA
185	NA
186	NA
187	NA
188	NA
189	NA
190	NA
191	NA
192	NA
193	NA
194	NA
195	NA
196	NA
197	NA
198	http://web.phonetik.uni-frankfurt.de/L/L4373.html
199	http://web.phonetik.uni-frankfurt.de/L/L6744.html
200	http://web.phonetik.uni-frankfurt.de/L/L2419.html
201	http://web.phonetik.uni-frankfurt.de/L/L8362.html
202	http://web.phonetik.uni-frankfurt.de/L/L8635.html
203	http://web.phonetik.uni-frankfurt.de/L/L8627.html
204	http://web.phonetik.uni-frankfurt.de/L/L4134.html
205	http://web.phonetik.uni-frankfurt.de/L/L4131.html
206	http://web.phonetik.uni-frankfurt.de/L/L6108.html
207	http://web.phonetik.uni-frankfurt.de/L/L2140.html
208	http://web.phonetik.uni-frankfurt.de/L/L4115.html
209	http://web.phonetik.uni-frankfurt.de/L/L6853.html
210	http://web.phonetik.uni-frankfurt.de/L/L6759.html
211	http://web.phonetik.uni-frankfurt.de/L/L6859.html
212	http://web.phonetik.uni-frankfurt.de/L/L4152.html
213	http://web.phonetik.uni-frankfurt.de/L/L6900.html
214	http://web.phonetik.uni-frankfurt.de/L/L8354.html
215	http://web.phonetik.uni-frankfurt.de/L/L2021.html
216	http://web.phonetik.uni-frankfurt.de/L/L6810.html
217	http://web.phonetik.uni-frankfurt.de/L/L6824.html
218	http://web.phonetik.uni-frankfurt.de/L/L4365.html
219	http://web.phonetik.uni-frankfurt.de/L/L4352.html
220	http://web.phonetik.uni-frankfurt.de/L/L4122.html
221	http://web.phonetik.uni-frankfurt.de/L/L8634.html
222	http://web.phonetik.uni-frankfurt.de/L/L6770.html
223	http://web.phonetik.uni-frankfurt.de/L/L4367.html
224	http://web.phonetik.uni-frankfurt.de/L/L6851.html
225	http://web.phonetik.uni-frankfurt.de/L/L8360.html
226	http://web.phonetik.uni-frankfurt.de/L/L6809.html
227	http://web.phonetik.uni-frankfurt.de/L/L8600.html
228	http://web.phonetik.uni-frankfurt.de/L/L2605.html
229	http://web.phonetik.uni-frankfurt.de/L/L6817.html
230	http://web.phonetik.uni-frankfurt.de/L/L6837.html
231	http://web.phonetik.uni-frankfurt.de/L/L4350.html
232	http://web.phonetik.uni-frankfurt.de/L/L6818.html
233	http://web.phonetik.uni-frankfurt.de/L/L2606.html
234	http://web.phonetik.uni-frankfurt.de/L/L4359.html
235	http://web.phonetik.uni-frankfurt.de/L/L6815.html
236	http://web.phonetik.uni-frankfurt.de/L/L2159.html
237	http://web.phonetik.uni-frankfurt.de/L/L2163.html
238	http://web.phonetik.uni-frankfurt.de/L/L4105.html
239	http://web.phonetik.uni-frankfurt.de/L/L6832.html
240	http://web.phonetik.uni-frankfurt.de/L/L4113.html
241	http://web.phonetik.uni-frankfurt.de/L/L2413.html
242	http://web.phonetik.uni-frankfurt.de/L/L2604.html
243	http://web.phonetik.uni-frankfurt.de/L/L4138.html
244	http://web.phonetik.uni-frankfurt.de/L/L2506.html
245	http://web.phonetik.uni-frankfurt.de/L/L8357.html
246	http://web.phonetik.uni-frankfurt.de/L/L4136.html
247	http://web.phonetik.uni-frankfurt.de/L/L2412.html
248	http://web.phonetik.uni-frankfurt.de/L/L8368.html
249	http://web.phonetik.uni-frankfurt.de/L/L4361.html
250	http://web.phonetik.uni-frankfurt.de/L/L2017.html
251	http://web.phonetik.uni-frankfurt.de/L/L4123.html
252	http://web.phonetik.uni-frankfurt.de/L/L4144.html
253	http://web.phonetik.uni-frankfurt.de/L/L4104.html
254	http://web.phonetik.uni-frankfurt.de/L/L6856.html
255	http://web.phonetik.uni-frankfurt.de/L/L6771.html
256	http://web.phonetik.uni-frankfurt.de/L/L6806.html
257	http://web.phonetik.uni-frankfurt.de/L/L4120.html
258	http://web.phonetik.uni-frankfurt.de/L/L6850.html
259	http://web.phonetik.uni-frankfurt.de/L/L2311.html
260	http://web.phonetik.uni-frankfurt.de/L/L2002.html
261	http://web.phonetik.uni-frankfurt.de/L/L2917.html
262	http://web.phonetik.uni-frankfurt.de/L/L2316.html
263	http://web.phonetik.uni-frankfurt.de/L/L2515.html
264	http://web.phonetik.uni-frankfurt.de/L/L2715.html
265	http://web.phonetik.uni-frankfurt.de/L/L2009.html
266	http://web.phonetik.uni-frankfurt.de/L/L8352.html
267	http://web.phonetik.uni-frankfurt.de/L/L8631.html
268	http://web.phonetik.uni-frankfurt.de/L/L6801.html
269	http://web.phonetik.uni-frankfurt.de/L/L6775.html
270	http://web.phonetik.uni-frankfurt.de/L/L6814.html
271	http://web.phonetik.uni-frankfurt.de/L/L2313.html
272	http://web.phonetik.uni-frankfurt.de/L/L6807.html
273	http://web.phonetik.uni-frankfurt.de/L/L6803.html
274	http://web.phonetik.uni-frankfurt.de/L/L2315.html
275	http://web.phonetik.uni-frankfurt.de/L/L6864.html
276	http://web.phonetik.uni-frankfurt.de/L/L2505.html
277	http://web.phonetik.uni-frankfurt.de/L/L2416.html
278	http://web.phonetik.uni-frankfurt.de/L/L6106.html
279	http://web.phonetik.uni-frankfurt.de/L/L6786.html
280	http://web.phonetik.uni-frankfurt.de/L/L6781.html
281	http://web.phonetik.uni-frankfurt.de/L/L2160.html
282	http://web.phonetik.uni-frankfurt.de/L/L2411.html
283	http://web.phonetik.uni-frankfurt.de/L/L6773.html
284	http://web.phonetik.uni-frankfurt.de/L/L8611.html
285	http://web.phonetik.uni-frankfurt.de/L/L2708.html
286	http://web.phonetik.uni-frankfurt.de/L/L2500.html
287	http://web.phonetik.uni-frankfurt.de/L/L2432.html
288	http://web.phonetik.uni-frankfurt.de/L/L6825.html
289	http://web.phonetik.uni-frankfurt.de/L/L6836.html
290	http://web.phonetik.uni-frankfurt.de/L/L4145.html
291	http://web.phonetik.uni-frankfurt.de/L/L2519.html
292	http://web.phonetik.uni-frankfurt.de/L/L6823.html
293	http://web.phonetik.uni-frankfurt.de/L/L2513.html
294	http://web.phonetik.uni-frankfurt.de/L/L6729.html
295	http://web.phonetik.uni-frankfurt.de/L/L6846.html
296	http://web.phonetik.uni-frankfurt.de/L/L6840.html
297	http://web.phonetik.uni-frankfurt.de/L/L4374.html
298	http://web.phonetik.uni-frankfurt.de/L/L4106.html
299	http://web.phonetik.uni-frankfurt.de/L/L4110.html
300	http://web.phonetik.uni-frankfurt.de/L/L4225.html
301	http://web.phonetik.uni-frankfurt.de/L/L4372.html
302	http://web.phonetik.uni-frankfurt.de/L/L2508.html
303	http://web.phonetik.uni-frankfurt.de/L/L8371.html
304	http://web.phonetik.uni-frankfurt.de/L/L2004.html
305	http://web.phonetik.uni-frankfurt.de/L/L8367.html
306	http://web.phonetik.uni-frankfurt.de/L/L6743.html
307	http://web.phonetik.uni-frankfurt.de/L/L4226.html
308	http://web.phonetik.uni-frankfurt.de/L/L8613.html
309	http://web.phonetik.uni-frankfurt.de/L/L2404.html
310	http://web.phonetik.uni-frankfurt.de/L/L4128.html
311	http://web.phonetik.uni-frankfurt.de/L/L2417.html
312	http://web.phonetik.uni-frankfurt.de/L/L2176.html
313	http://web.phonetik.uni-frankfurt.de/L/L4170.html
314	http://web.phonetik.uni-frankfurt.de/L/L8375.html
315	http://web.phonetik.uni-frankfurt.de/L/L4108.html
316	http://web.phonetik.uni-frankfurt.de/L/L4119.html
317	http://web.phonetik.uni-frankfurt.de/L/L8650.html
318	http://web.phonetik.uni-frankfurt.de/L/L2000.html
319	http://web.phonetik.uni-frankfurt.de/L/L6902.html
320	http://web.phonetik.uni-frankfurt.de/L/L4125.html
321	http://web.phonetik.uni-frankfurt.de/L/L2714.html
322	http://web.phonetik.uni-frankfurt.de/L/L2167.html
323	http://web.phonetik.uni-frankfurt.de/L/L4114.html
324	http://web.phonetik.uni-frankfurt.de/L/L4141.html
325	http://web.phonetik.uni-frankfurt.de/L/L6109.html
326	http://web.phonetik.uni-frankfurt.de/L/L8617.html
327	http://web.phonetik.uni-frankfurt.de/L/L4206.html
328	http://web.phonetik.uni-frankfurt.de/L/L2439.html
329	http://web.phonetik.uni-frankfurt.de/L/L2153.html
330	http://web.phonetik.uni-frankfurt.de/L/L4148.html
331	http://web.phonetik.uni-frankfurt.de/L/L2010.html
332	http://web.phonetik.uni-frankfurt.de/L/L6870.html
333	http://web.phonetik.uni-frankfurt.de/L/L4203.html
334	http://web.phonetik.uni-frankfurt.de/L/L2405.html
335	http://web.phonetik.uni-frankfurt.de/L/L4117.html
336	http://web.phonetik.uni-frankfurt.de/L/L8608.html
337	http://web.phonetik.uni-frankfurt.de/L/L8345.html
338	http://web.phonetik.uni-frankfurt.de/L/L4129.html
339	http://web.phonetik.uni-frankfurt.de/L/L4140.html
340	http://web.phonetik.uni-frankfurt.de/L/L2436.html
341	http://web.phonetik.uni-frankfurt.de/L/L2168.html
342	http://web.phonetik.uni-frankfurt.de/L/L2001.html
343	http://web.phonetik.uni-frankfurt.de/L/L4362.html
344	http://web.phonetik.uni-frankfurt.de/L/L6826.html
345	http://web.phonetik.uni-frankfurt.de/L/L6828.html
346	http://web.phonetik.uni-frankfurt.de/L/L6830.html
347	http://web.phonetik.uni-frankfurt.de/L/L6862.html
348	http://web.phonetik.uni-frankfurt.de/L/L6866.html
349	http://web.phonetik.uni-frankfurt.de/L/L8364.html
350	http://web.phonetik.uni-frankfurt.de/L/L2502.html
351	http://web.phonetik.uni-frankfurt.de/L/L4366.html
352	http://web.phonetik.uni-frankfurt.de/L/L2424.html
353	http://web.phonetik.uni-frankfurt.de/L/L6100.html
354	http://web.phonetik.uni-frankfurt.de/L/L2016.html
355	http://web.phonetik.uni-frankfurt.de/L/L6842.html
356	http://web.phonetik.uni-frankfurt.de/L/L6738.html
357	http://web.phonetik.uni-frankfurt.de/L/L4900.html
358	http://web.phonetik.uni-frankfurt.de/L/L2154.html
359	http://web.phonetik.uni-frankfurt.de/L/L6105.html
360	http://web.phonetik.uni-frankfurt.de/L/L6776.html
361	http://web.phonetik.uni-frankfurt.de/L/L6716.html
362	http://web.phonetik.uni-frankfurt.de/L/L2022.html
363	http://web.phonetik.uni-frankfurt.de/L/L2422.html
364	http://web.phonetik.uni-frankfurt.de/L/L2435.html
365	http://web.phonetik.uni-frankfurt.de/L/L4116.html
366	http://web.phonetik.uni-frankfurt.de/L/L6827.html
367	http://web.phonetik.uni-frankfurt.de/L/L4150.html
368	http://web.phonetik.uni-frankfurt.de/L/L4208.html
369	http://web.phonetik.uni-frankfurt.de/L/L2440.html
370	http://web.phonetik.uni-frankfurt.de/L/L4360.html
371	http://web.phonetik.uni-frankfurt.de/L/L6845.html
372	http://web.phonetik.uni-frankfurt.de/L/L4147.html
373	http://web.phonetik.uni-frankfurt.de/L/L2710.html
374	http://web.phonetik.uni-frankfurt.de/L/L6800.html
375	http://web.phonetik.uni-frankfurt.de/L/L2517.html
376	http://web.phonetik.uni-frankfurt.de/L/L2428.html
377	http://web.phonetik.uni-frankfurt.de/L/L8605.html
378	http://web.phonetik.uni-frankfurt.de/L/L6780.html
379	http://web.phonetik.uni-frankfurt.de/L/L8347.html
380	http://web.phonetik.uni-frankfurt.de/L/L2409.html
381	http://web.phonetik.uni-frankfurt.de/L/L6844.html
382	http://web.phonetik.uni-frankfurt.de/L/L6747.html
383	http://web.phonetik.uni-frankfurt.de/L/L6835.html
384	http://web.phonetik.uni-frankfurt.de/L/L2171.html
385	http://web.phonetik.uni-frankfurt.de/L/L6820.html
386	http://web.phonetik.uni-frankfurt.de/L/L6848.html
387	http://web.phonetik.uni-frankfurt.de/L/L2511.html
388	http://web.phonetik.uni-frankfurt.de/L/L6901.html
389	http://web.phonetik.uni-frankfurt.de/L/L2018.html
390	http://web.phonetik.uni-frankfurt.de/L/L2600.html
391	http://web.phonetik.uni-frankfurt.de/L/L2601.html
392	http://web.phonetik.uni-frankfurt.de/L/L6863.html
393	http://web.phonetik.uni-frankfurt.de/L/L8622.html
394	http://web.phonetik.uni-frankfurt.de/L/L4364.html
395	http://web.phonetik.uni-frankfurt.de/L/L8619.html
396	http://web.phonetik.uni-frankfurt.de/L/L2150.html
397	http://web.phonetik.uni-frankfurt.de/L/L6714.html
398	http://web.phonetik.uni-frankfurt.de/L/L4371.html
399	http://web.phonetik.uni-frankfurt.de/L/L2706.html
400	http://web.phonetik.uni-frankfurt.de/L/L2903.html
401	http://web.phonetik.uni-frankfurt.de/L/L2905.html
402	http://web.phonetik.uni-frankfurt.de/L/L6808.html
403	http://web.phonetik.uni-frankfurt.de/L/L2302.html
404	http://web.phonetik.uni-frankfurt.de/L/L2427.html
405	http://web.phonetik.uni-frankfurt.de/L/L2166.html
406	http://web.phonetik.uni-frankfurt.de/L/L2421.html
407	http://web.phonetik.uni-frankfurt.de/L/L2306.html
408	http://web.phonetik.uni-frankfurt.de/L/L2301.html
409	http://web.phonetik.uni-frankfurt.de/L/L6785.html
410	http://web.phonetik.uni-frankfurt.de/L/L2162.html
411	http://web.phonetik.uni-frankfurt.de/L/L8636.html
412	http://web.phonetik.uni-frankfurt.de/L/L2312.html
413	http://web.phonetik.uni-frankfurt.de/L/L6749.html
414	http://web.phonetik.uni-frankfurt.de/L/L8610.html
415	http://web.phonetik.uni-frankfurt.de/L/L4127.html
416	http://web.phonetik.uni-frankfurt.de/L/L6707.html
417	http://web.phonetik.uni-frankfurt.de/L/L4133.html
418	http://web.phonetik.uni-frankfurt.de/L/L8602.html
419	http://web.phonetik.uni-frankfurt.de/L/L2015.html
420	http://web.phonetik.uni-frankfurt.de/L/L4370.html
421	http://web.phonetik.uni-frankfurt.de/L/L4201.html
422	http://web.phonetik.uni-frankfurt.de/L/L2024.html
423	http://web.phonetik.uni-frankfurt.de/L/L2170.html
424	http://web.phonetik.uni-frankfurt.de/L/L4135.html
425	http://web.phonetik.uni-frankfurt.de/L/L2310.html
426	http://web.phonetik.uni-frankfurt.de/L/L2152.html
427	http://web.phonetik.uni-frankfurt.de/L/L2709.html
428	http://web.phonetik.uni-frankfurt.de/L/L4209.html
429	http://web.phonetik.uni-frankfurt.de/L/L2904.html
430	http://web.phonetik.uni-frankfurt.de/L/L2516.html
431	http://web.phonetik.uni-frankfurt.de/L/L8369.html
432	http://web.phonetik.uni-frankfurt.de/L/L4904.html
433	http://web.phonetik.uni-frankfurt.de/L/L4219.html
434	http://web.phonetik.uni-frankfurt.de/L/L8620.html
435	http://web.phonetik.uni-frankfurt.de/L/L6857.html
436	http://web.phonetik.uni-frankfurt.de/L/L2433.html
437	http://web.phonetik.uni-frankfurt.de/L/L6731.html
438	http://web.phonetik.uni-frankfurt.de/L/L6741.html
439	http://web.phonetik.uni-frankfurt.de/L/L2401.html
440	http://web.phonetik.uni-frankfurt.de/L/L2602.html
441	http://web.phonetik.uni-frankfurt.de/L/L4118.html
442	http://web.phonetik.uni-frankfurt.de/L/L4215.html
443	http://web.phonetik.uni-frankfurt.de/L/L2510.html
444	http://web.phonetik.uni-frankfurt.de/L/L2007.html
445	http://web.phonetik.uni-frankfurt.de/L/L6756.html
446	http://web.phonetik.uni-frankfurt.de/L/L4376.html
447	http://web.phonetik.uni-frankfurt.de/L/L6737.html
448	http://web.phonetik.uni-frankfurt.de/L/L4205.html
449	http://web.phonetik.uni-frankfurt.de/L/L6734.html
450	http://web.phonetik.uni-frankfurt.de/L/L6727.html
451	http://web.phonetik.uni-frankfurt.de/L/L4204.html
452	http://web.phonetik.uni-frankfurt.de/L/L6717.html
453	http://web.phonetik.uni-frankfurt.de/L/L6858.html
454	http://web.phonetik.uni-frankfurt.de/L/L4153.html
455	http://web.phonetik.uni-frankfurt.de/L/L4146.html
456	http://web.phonetik.uni-frankfurt.de/L/L4202.html
457	http://web.phonetik.uni-frankfurt.de/L/L4363.html
458	http://web.phonetik.uni-frankfurt.de/L/L4160.html
459	http://web.phonetik.uni-frankfurt.de/L/L2174.html
460	http://web.phonetik.uni-frankfurt.de/L/L2151.html
461	http://web.phonetik.uni-frankfurt.de/L/L6728.html
462	http://web.phonetik.uni-frankfurt.de/L/L2173.html
463	http://web.phonetik.uni-frankfurt.de/L/L2169.html
464	http://web.phonetik.uni-frankfurt.de/L/L2429.html
465	http://web.phonetik.uni-frankfurt.de/L/L4101.html
466	http://web.phonetik.uni-frankfurt.de/L/L8356.html
467	http://web.phonetik.uni-frankfurt.de/L/L8350.html
468	http://web.phonetik.uni-frankfurt.de/L/L8616.html
469	http://web.phonetik.uni-frankfurt.de/L/L8647.html
470	http://web.phonetik.uni-frankfurt.de/L/L4368.html
471	http://web.phonetik.uni-frankfurt.de/L/L2445.html
472	http://web.phonetik.uni-frankfurt.de/L/L6715.html
473	http://web.phonetik.uni-frankfurt.de/L/L4214.html
474	http://web.phonetik.uni-frankfurt.de/L/L8349.html
475	http://web.phonetik.uni-frankfurt.de/L/L8365.html
476	http://web.phonetik.uni-frankfurt.de/L/L2509.html
477	http://web.phonetik.uni-frankfurt.de/L/L6802.html
478	http://web.phonetik.uni-frankfurt.de/L/L4132.html
479	http://web.phonetik.uni-frankfurt.de/L/L6860.html
480	http://web.phonetik.uni-frankfurt.de/L/L6816.html
481	http://web.phonetik.uni-frankfurt.de/L/L2504.html
482	http://web.phonetik.uni-frankfurt.de/L/L4906.html
483	http://web.phonetik.uni-frankfurt.de/L/L8624.html
484	http://web.phonetik.uni-frankfurt.de/L/L6104.html
485	http://web.phonetik.uni-frankfurt.de/L/L2525.html
486	http://web.phonetik.uni-frankfurt.de/L/L6762.html
487	http://web.phonetik.uni-frankfurt.de/L/L4149.html
488	http://web.phonetik.uni-frankfurt.de/L/L2023.html
489	http://web.phonetik.uni-frankfurt.de/L/L2518.html
490	http://web.phonetik.uni-frankfurt.de/L/L6706.html
491	http://web.phonetik.uni-frankfurt.de/L/L4369.html
492	http://web.phonetik.uni-frankfurt.de/L/L4139.html
493	http://web.phonetik.uni-frankfurt.de/L/L4151.html
494	http://web.phonetik.uni-frankfurt.de/L/L2157.html
495	http://web.phonetik.uni-frankfurt.de/L/L8604.html
496	http://web.phonetik.uni-frankfurt.de/L/L2700.html
497	http://web.phonetik.uni-frankfurt.de/L/L2512.html
498	http://web.phonetik.uni-frankfurt.de/L/L6708.html
499	http://web.phonetik.uni-frankfurt.de/L/L2006.html
500	http://web.phonetik.uni-frankfurt.de/L/L6730.html
501	http://web.phonetik.uni-frankfurt.de/L/L4212.html
502	http://web.phonetik.uni-frankfurt.de/L/L2406.html
503	http://web.phonetik.uni-frankfurt.de/L/L8353.html
504	http://web.phonetik.uni-frankfurt.de/L/L4227.html
505	http://web.phonetik.uni-frankfurt.de/L/L4207.html
506	http://web.phonetik.uni-frankfurt.de/L/L6805.html
507	http://web.phonetik.uni-frankfurt.de/L/L4124.html
508	http://web.phonetik.uni-frankfurt.de/L/L6750.html
509	http://web.phonetik.uni-frankfurt.de/L/L6736.html
510	http://web.phonetik.uni-frankfurt.de/L/L2025.html
511	http://web.phonetik.uni-frankfurt.de/L/L2314.html
512	http://web.phonetik.uni-frankfurt.de/L/L6854.html
513	http://web.phonetik.uni-frankfurt.de/L/L6804.html
514	http://web.phonetik.uni-frankfurt.de/L/L6849.html
515	http://web.phonetik.uni-frankfurt.de/L/L2402.html
516	http://web.phonetik.uni-frankfurt.de/L/L2013.html
517	http://web.phonetik.uni-frankfurt.de/L/L2410.html
518	http://web.phonetik.uni-frankfurt.de/L/L6742.html
519	http://web.phonetik.uni-frankfurt.de/L/L2430.html
520	http://web.phonetik.uni-frankfurt.de/L/L2309.html
521	http://web.phonetik.uni-frankfurt.de/L/L2014.html
522	http://web.phonetik.uni-frankfurt.de/L/L2434.html
523	http://web.phonetik.uni-frankfurt.de/L/L2520.html
524	http://web.phonetik.uni-frankfurt.de/L/L6819.html
525	http://web.phonetik.uni-frankfurt.de/L/L6732.html
526	http://web.phonetik.uni-frankfurt.de/L/L6838.html
527	http://web.phonetik.uni-frankfurt.de/L/L2012.html
528	http://web.phonetik.uni-frankfurt.de/L/L8625.html
529	http://web.phonetik.uni-frankfurt.de/L/L2420.html
530	http://web.phonetik.uni-frankfurt.de/L/L2008.html
531	http://web.phonetik.uni-frankfurt.de/L/L2603.html
532	http://web.phonetik.uni-frankfurt.de/L/L4902.html
533	http://web.phonetik.uni-frankfurt.de/L/L4143.html
534	http://web.phonetik.uni-frankfurt.de/L/L2161.html
535	http://web.phonetik.uni-frankfurt.de/L/L2304.html
536	http://web.phonetik.uni-frankfurt.de/L/L6754.html
537	http://web.phonetik.uni-frankfurt.de/L/L4111.html
538	http://web.phonetik.uni-frankfurt.de/L/L2164.html
539	http://web.phonetik.uni-frankfurt.de/L/L4200.html
540	http://web.phonetik.uni-frankfurt.de/L/L8603.html
541	http://web.phonetik.uni-frankfurt.de/L/L6855.html
542	http://web.phonetik.uni-frankfurt.de/L/L4356.html
543	http://web.phonetik.uni-frankfurt.de/L/L6778.html
544	http://web.phonetik.uni-frankfurt.de/L/L6746.html
545	http://web.phonetik.uni-frankfurt.de/L/L2020.html
546	http://web.phonetik.uni-frankfurt.de/L/L6811.html
547	http://web.phonetik.uni-frankfurt.de/L/L6779.html
548	http://web.phonetik.uni-frankfurt.de/L/L6861.html
549	http://web.phonetik.uni-frankfurt.de/L/L2155.html
550	http://web.phonetik.uni-frankfurt.de/L/L6833.html
551	http://web.phonetik.uni-frankfurt.de/L/L2415.html
552	http://web.phonetik.uni-frankfurt.de/L/L4358.html
553	http://web.phonetik.uni-frankfurt.de/L/L2011.html
554	http://web.phonetik.uni-frankfurt.de/L/L8607.html
555	http://web.phonetik.uni-frankfurt.de/L/L4354.html
556	http://web.phonetik.uni-frankfurt.de/L/L6829.html
557	http://web.phonetik.uni-frankfurt.de/L/L8626.html
558	http://web.phonetik.uni-frankfurt.de/L/L8618.html
559	http://web.phonetik.uni-frankfurt.de/L/L8645.html
560	http://web.phonetik.uni-frankfurt.de/L/L2403.html
561	http://web.phonetik.uni-frankfurt.de/L/L2507.html
562	http://web.phonetik.uni-frankfurt.de/L/L2407.html
563	http://web.phonetik.uni-frankfurt.de/L/L6841.html
564	http://web.phonetik.uni-frankfurt.de/L/L4213.html
565	http://web.phonetik.uni-frankfurt.de/L/L6831.html
566	http://web.phonetik.uni-frankfurt.de/L/L2906.html
567	http://web.phonetik.uni-frankfurt.de/L/L6821.html
568	http://web.phonetik.uni-frankfurt.de/L/L2902.html
569	http://web.phonetik.uni-frankfurt.de/L/L4109.html
570	http://web.phonetik.uni-frankfurt.de/L/L4211.html
571	http://web.phonetik.uni-frankfurt.de/L/L2437.html
572	http://web.phonetik.uni-frankfurt.de/L/L2425.html
573	http://web.phonetik.uni-frankfurt.de/L/L2414.html
574	http://web.phonetik.uni-frankfurt.de/L/L2400.html
575	http://web.phonetik.uni-frankfurt.de/L/L4357.html
576	http://web.phonetik.uni-frankfurt.de/L/L4351.html
577	http://web.phonetik.uni-frankfurt.de/L/L8351.html
578	http://web.phonetik.uni-frankfurt.de/L/L2431.html
579	http://web.phonetik.uni-frankfurt.de/L/L6102.html
580	http://web.phonetik.uni-frankfurt.de/L/L4142.html
581	http://web.phonetik.uni-frankfurt.de/L/L4210.html
582	http://web.phonetik.uni-frankfurt.de/L/L8601.html
583	http://web.phonetik.uni-frankfurt.de/L/L6812.html
584	http://web.phonetik.uni-frankfurt.de/L/L2426.html
585	http://web.phonetik.uni-frankfurt.de/L/L6713.html
586	http://web.phonetik.uni-frankfurt.de/L/L4112.html
587	http://web.phonetik.uni-frankfurt.de/L/L6772.html
588	http://web.phonetik.uni-frankfurt.de/L/L6865.html
589	http://web.phonetik.uni-frankfurt.de/L/L8623.html
590	http://web.phonetik.uni-frankfurt.de/L/L6752.html
591	http://web.phonetik.uni-frankfurt.de/L/L4355.html
592	http://web.phonetik.uni-frankfurt.de/L/L6774.html
593	http://web.phonetik.uni-frankfurt.de/L/L2418.html
594	http://web.phonetik.uni-frankfurt.de/L/L6847.html
595	http://web.phonetik.uni-frankfurt.de/L/L4375.html
596	http://web.phonetik.uni-frankfurt.de/L/L6758.html
597	http://web.phonetik.uni-frankfurt.de/L/L2158.html
598	http://web.phonetik.uni-frankfurt.de/L/L6740.html
599	http://web.phonetik.uni-frankfurt.de/L/L2165.html
600	http://web.phonetik.uni-frankfurt.de/L/L6712.html
601	http://web.phonetik.uni-frankfurt.de/L/L8374.html
602	http://web.phonetik.uni-frankfurt.de/L/L2300.html
603	http://web.phonetik.uni-frankfurt.de/L/L2175.html
604	http://web.phonetik.uni-frankfurt.de/L/L8640.html
605	http://web.phonetik.uni-frankfurt.de/L/L2303.html
606	http://web.phonetik.uni-frankfurt.de/L/L8373.html
607	http://web.phonetik.uni-frankfurt.de/L/L6760.html
608	http://web.phonetik.uni-frankfurt.de/L/L6822.html
609	http://web.phonetik.uni-frankfurt.de/L/L6852.html
610	http://web.phonetik.uni-frankfurt.de/L/L8628.html
611	http://web.phonetik.uni-frankfurt.de/L/L6755.html
612	http://web.phonetik.uni-frankfurt.de/L/L8358.html
613	http://web.phonetik.uni-frankfurt.de/L/L6709.html
614	http://web.phonetik.uni-frankfurt.de/L/L6753.html
615	http://web.phonetik.uni-frankfurt.de/L/L8615.html
616	http://web.phonetik.uni-frankfurt.de/L/L8630.html
617	http://web.phonetik.uni-frankfurt.de/L/L8633.html
618	http://web.phonetik.uni-frankfurt.de/L/L4107.html
619	http://web.phonetik.uni-frankfurt.de/L/L8637.html
620	http://web.phonetik.uni-frankfurt.de/L/L8348.html
621	http://web.phonetik.uni-frankfurt.de/L/L4218.html
622	http://web.phonetik.uni-frankfurt.de/L/L2503.html
623	http://web.phonetik.uni-frankfurt.de/L/L8372.html
624	http://web.phonetik.uni-frankfurt.de/L/L6763.html
625	http://web.phonetik.uni-frankfurt.de/L/L4220.html
626	http://web.phonetik.uni-frankfurt.de/L/L4103.html
627	http://web.phonetik.uni-frankfurt.de/L/L4102.html
628	http://web.phonetik.uni-frankfurt.de/L/L6839.html
629	http://web.phonetik.uni-frankfurt.de/L/L6739.html
630	http://web.phonetik.uni-frankfurt.de/L/L6843.html
631	http://web.phonetik.uni-frankfurt.de/L/L4121.html
632	http://web.phonetik.uni-frankfurt.de/L/L8609.html
633	http://web.phonetik.uni-frankfurt.de/L/L8370.html
634	http://web.phonetik.uni-frankfurt.de/L/L2172.html
635	http://web.phonetik.uni-frankfurt.de/L/L6745.html
636	http://web.phonetik.uni-frankfurt.de/L/L4137.html
637	http://web.phonetik.uni-frankfurt.de/L/L8621.html
638	http://web.phonetik.uni-frankfurt.de/L/L2156.html
639	http://web.phonetik.uni-frankfurt.de/L/L8632.html
640	http://web.phonetik.uni-frankfurt.de/L/L6777.html
641	http://web.phonetik.uni-frankfurt.de/L/L6757.html
642	http://web.phonetik.uni-frankfurt.de/L/L2501.html
643	http://web.phonetik.uni-frankfurt.de/L/L4216.html
644	http://web.phonetik.uni-frankfurt.de/L/L8629.html
645	http://web.phonetik.uni-frankfurt.de/L/L4130.html
646	http://web.phonetik.uni-frankfurt.de/L/L6711.html
647	http://web.phonetik.uni-frankfurt.de/L/L4126.html
648	http://web.phonetik.uni-frankfurt.de/L/L6748.html
649	http://sumale.vjf.cnrs.fr/phono/AfficheTableauOrtho2N.php?choixLangue=abidji
650	http://sumale.vjf.cnrs.fr/phono/AfficheTableauOrtho2N.php?choixLangue=adioukrou
651	http://sumale.vjf.cnrs.fr/phono/AfficheTableauOrtho2N.php?choixLangue=adja
652	http://sumale.vjf.cnrs.fr/phono/AfficheTableauOrtho2N.php?choixLangue=adja
653	http://sumale.vjf.cnrs.fr/phono/AfficheTableauOrtho2N.php?choixLangue=agni+sanvi
654	http://sumale.vjf.cnrs.fr/phono/AfficheTableauOrtho2N.php?choixLangue=ahl%C3%B5
655	http://sumale.vjf.cnrs.fr/phono/AfficheTableauOrtho2N.php?choixLangue=akan
656	http://sumale.vjf.cnrs.fr/phono/AfficheTableauOrtho2N.php?choixLangue=ak%C9%94%C9%94se+%28bakossi%29
657	http://sumale.vjf.cnrs.fr/phono/AfficheTableauOrtho2N.php?choixLangue=angas
658	http://sumale.vjf.cnrs.fr/phono/AfficheTableauOrtho2N.php?choixLangue=anuf%C9%94+%28tchokossi%29
659	http://sumale.vjf.cnrs.fr/phono/AfficheTableauOrtho2N.php?choixLangue=arabe
660	http://sumale.vjf.cnrs.fr/phono/AfficheTableauOrtho2N.php?choixLangue=avokaya
661	http://sumale.vjf.cnrs.fr/phono/AfficheTableauOrtho2N.php?choixLangue=babungo
662	http://sumale.vjf.cnrs.fr/phono/AfficheTableauOrtho2N.php?choixLangue=bafut
663	http://sumale.vjf.cnrs.fr/phono/AfficheTableauOrtho2N.php?choixLangue=baka
664	http://sumale.vjf.cnrs.fr/phono/AfficheTableauOrtho2N.php?choixLangue=bambara
665	http://sumale.vjf.cnrs.fr/phono/AfficheTableauOrtho2N.php?choixLangue=banda
666	http://sumale.vjf.cnrs.fr/phono/AfficheTableauOrtho2N.php?choixLangue=banda
667	http://sumale.vjf.cnrs.fr/phono/AfficheTableauOrtho2N.php?choixLangue=bandi+%28gbande%29
668	http://sumale.vjf.cnrs.fr/phono/AfficheTableauOrtho2N.php?choixLangue=baoul%C3%A9
669	http://sumale.vjf.cnrs.fr/phono/AfficheTableauOrtho2N.php?choixLangue=bariba
670	http://sumale.vjf.cnrs.fr/phono/AfficheTableauOrtho2N.php?choixLangue=basaa
671	http://sumale.vjf.cnrs.fr/phono/AfficheTableauOrtho2N.php?choixLangue=bassa
672	http://sumale.vjf.cnrs.fr/phono/AfficheTableauOrtho2N.php?choixLangue=bassar+%28n%27tcham%29
673	http://sumale.vjf.cnrs.fr/phono/AfficheTableauOrtho2N.php?choixLangue=b%C3%A9t%C3%A9
674	http://sumale.vjf.cnrs.fr/phono/AfficheTableauOrtho2N.php?choixLangue=bekwarra
675	http://sumale.vjf.cnrs.fr/phono/AfficheTableauOrtho2N.php?choixLangue=berom
676	http://sumale.vjf.cnrs.fr/phono/AfficheTableauOrtho2N.php?choixLangue=b%C9%9B%CC%80%C5%8B+%28ngain%29
677	http://sumale.vjf.cnrs.fr/phono/AfficheTableauOrtho2N.php?choixLangue=bhele
678	http://sumale.vjf.cnrs.fr/phono/AfficheTableauOrtho2N.php?choixLangue=biali
679	http://sumale.vjf.cnrs.fr/phono/AfficheTableauOrtho2N.php?choixLangue=bimoba
680	http://sumale.vjf.cnrs.fr/phono/AfficheTableauOrtho2N.php?choixLangue=bisa
681	http://sumale.vjf.cnrs.fr/phono/AfficheTableauOrtho2N.php?choixLangue=bobo
682	http://sumale.vjf.cnrs.fr/phono/AfficheTableauOrtho2N.php?choixLangue=boussa
683	http://sumale.vjf.cnrs.fr/phono/AfficheTableauOrtho2N.php?choixLangue=bozo
684	http://sumale.vjf.cnrs.fr/phono/AfficheTableauOrtho2N.php?choixLangue=bulu
685	http://sumale.vjf.cnrs.fr/phono/AfficheTableauOrtho2N.php?choixLangue=cerma+%28gouin%29
686	http://sumale.vjf.cnrs.fr/phono/AfficheTableauOrtho2N.php?choixLangue=chumburung
687	http://sumale.vjf.cnrs.fr/phono/AfficheTableauOrtho2N.php?choixLangue=daba
688	http://sumale.vjf.cnrs.fr/phono/AfficheTableauOrtho2N.php?choixLangue=dagaare
689	http://sumale.vjf.cnrs.fr/phono/AfficheTableauOrtho2N.php?choixLangue=dagara
690	http://sumale.vjf.cnrs.fr/phono/AfficheTableauOrtho2N.php?choixLangue=dagbani
691	http://sumale.vjf.cnrs.fr/phono/AfficheTableauOrtho2N.php?choixLangue=dan+%28yacouba%29+dialecte+blowo
692	http://sumale.vjf.cnrs.fr/phono/AfficheTableauOrtho2N.php?choixLangue=dangme+%28adangme%29
693	http://sumale.vjf.cnrs.fr/phono/AfficheTableauOrtho2N.php?choixLangue=daza
694	http://sumale.vjf.cnrs.fr/phono/AfficheTableauOrtho2N.php?choixLangue=dholuo
695	http://sumale.vjf.cnrs.fr/phono/AfficheTableauOrtho2N.php?choixLangue=dida
696	http://sumale.vjf.cnrs.fr/phono/AfficheTableauOrtho2N.php?choixLangue=dioula
697	http://sumale.vjf.cnrs.fr/phono/AfficheTableauOrtho2N.php?choixLangue=ditammari
698	http://sumale.vjf.cnrs.fr/phono/AfficheTableauOrtho2N.php?choixLangue=doayo
699	http://sumale.vjf.cnrs.fr/phono/AfficheTableauOrtho2N.php?choixLangue=dogon+%28dogo-soo%29
700	http://sumale.vjf.cnrs.fr/phono/AfficheTableauOrtho2N.php?choixLangue=duala
701	http://sumale.vjf.cnrs.fr/phono/AfficheTableauOrtho2N.php?choixLangue=duruma
702	http://sumale.vjf.cnrs.fr/phono/AfficheTableauOrtho2N.php?choixLangue=ebira
703	http://sumale.vjf.cnrs.fr/phono/AfficheTableauOrtho2N.php?choixLangue=e%CA%8Be
704	http://sumale.vjf.cnrs.fr/phono/AfficheTableauOrtho2N.php?choixLangue=e%CC%A3do+%28bini%29
705	http://sumale.vjf.cnrs.fr/phono/AfficheTableauOrtho2N.php?choixLangue=e%CC%A3zaa
706	http://sumale.vjf.cnrs.fr/phono/AfficheTableauOrtho2N.php?choixLangue=ejagham+de+l%27ouest
707	http://sumale.vjf.cnrs.fr/phono/AfficheTableauOrtho2N.php?choixLangue=emai
708	http://sumale.vjf.cnrs.fr/phono/AfficheTableauOrtho2N.php?choixLangue=engenni
709	http://sumale.vjf.cnrs.fr/phono/AfficheTableauOrtho2N.php?choixLangue=ewondo
710	http://sumale.vjf.cnrs.fr/phono/AfficheTableauOrtho2N.php?choixLangue=fe%27efe%27fe
711	http://sumale.vjf.cnrs.fr/phono/AfficheTableauOrtho2N.php?choixLangue=f%C9%94n
712	http://sumale.vjf.cnrs.fr/phono/AfficheTableauOrtho2N.php?choixLangue=fulfulde
713	http://sumale.vjf.cnrs.fr/phono/AfficheTableauOrtho2N.php?choixLangue=fulfulde
714	http://sumale.vjf.cnrs.fr/phono/AfficheTableauOrtho2N.php?choixLangue=fulfulde
715	http://sumale.vjf.cnrs.fr/phono/AfficheTableauOrtho2N.php?choixLangue=fulfulde
716	http://sumale.vjf.cnrs.fr/phono/AfficheTableauOrtho2N.php?choixLangue=fuliru
717	http://sumale.vjf.cnrs.fr/phono/AfficheTableauOrtho2N.php?choixLangue=ga
718	http://sumale.vjf.cnrs.fr/phono/AfficheTableauOrtho2N.php?choixLangue=gangam
719	http://sumale.vjf.cnrs.fr/phono/AfficheTableauOrtho2N.php?choixLangue=gbaya
720	http://sumale.vjf.cnrs.fr/phono/AfficheTableauOrtho2N.php?choixLangue=gbaya
721	http://sumale.vjf.cnrs.fr/phono/AfficheTableauOrtho2N.php?choixLangue=g%C9%9Bn-mina
722	http://sumale.vjf.cnrs.fr/phono/AfficheTableauOrtho2N.php?choixLangue=g%C9%9Bn-mina
723	http://sumale.vjf.cnrs.fr/phono/AfficheTableauOrtho2N.php?choixLangue=godi%C3%A9
724	http://sumale.vjf.cnrs.fr/phono/AfficheTableauOrtho2N.php?choixLangue=gonja
725	http://sumale.vjf.cnrs.fr/phono/AfficheTableauOrtho2N.php?choixLangue=grebo+%28dialecte+chlehpo%29
726	http://sumale.vjf.cnrs.fr/phono/AfficheTableauOrtho2N.php?choixLangue=gu%C9%97e
727	http://sumale.vjf.cnrs.fr/phono/AfficheTableauOrtho2N.php?choixLangue=gulmancema+%28gourma%29
728	http://sumale.vjf.cnrs.fr/phono/AfficheTableauOrtho2N.php?choixLangue=hanga
729	http://sumale.vjf.cnrs.fr/phono/AfficheTableauOrtho2N.php?choixLangue=hausa
730	http://sumale.vjf.cnrs.fr/phono/AfficheTableauOrtho2N.php?choixLangue=hausa
731	http://sumale.vjf.cnrs.fr/phono/AfficheTableauOrtho2N.php?choixLangue=if%C9%9B%CC%80
732	http://sumale.vjf.cnrs.fr/phono/AfficheTableauOrtho2N.php?choixLangue=igbo
733	http://sumale.vjf.cnrs.fr/phono/AfficheTableauOrtho2N.php?choixLangue=igede
734	http://sumale.vjf.cnrs.fr/phono/AfficheTableauOrtho2N.php?choixLangue=ijo+de+l%27est+%28okrika%29
735	http://sumale.vjf.cnrs.fr/phono/AfficheTableauOrtho2N.php?choixLangue=ikwo
736	http://sumale.vjf.cnrs.fr/phono/AfficheTableauOrtho2N.php?choixLangue=izi
737	http://sumale.vjf.cnrs.fr/phono/AfficheTableauOrtho2N.php?choixLangue=joola+%28diola%29
738	http://sumale.vjf.cnrs.fr/phono/AfficheTableauOrtho2N.php?choixLangue=jur+m%C3%B6d%C3%B6
739	http://sumale.vjf.cnrs.fr/phono/AfficheTableauOrtho2N.php?choixLangue=kabiy%C9%9B
740	http://sumale.vjf.cnrs.fr/phono/AfficheTableauOrtho2N.php?choixLangue=kak%C9%94
741	http://sumale.vjf.cnrs.fr/phono/AfficheTableauOrtho2N.php?choixLangue=kambari
742	http://sumale.vjf.cnrs.fr/phono/AfficheTableauOrtho2N.php?choixLangue=kanuri
743	http://sumale.vjf.cnrs.fr/phono/AfficheTableauOrtho2N.php?choixLangue=karaboro
744	http://sumale.vjf.cnrs.fr/phono/AfficheTableauOrtho2N.php?choixLangue=kara%C5%8B
745	http://sumale.vjf.cnrs.fr/phono/AfficheTableauOrtho2N.php?choixLangue=kasem
746	http://sumale.vjf.cnrs.fr/phono/AfficheTableauOrtho2N.php?choixLangue=kas%C9%A9m
747	http://sumale.vjf.cnrs.fr/phono/AfficheTableauOrtho2N.php?choixLangue=k%C9%94%C9%94zime
748	http://sumale.vjf.cnrs.fr/phono/AfficheTableauOrtho2N.php?choixLangue=kikuyu
749	http://sumale.vjf.cnrs.fr/phono/AfficheTableauOrtho2N.php?choixLangue=kisiei
750	http://sumale.vjf.cnrs.fr/phono/AfficheTableauOrtho2N.php?choixLangue=kom
751	http://sumale.vjf.cnrs.fr/phono/AfficheTableauOrtho2N.php?choixLangue=komo
752	http://sumale.vjf.cnrs.fr/phono/AfficheTableauOrtho2N.php?choixLangue=konkomba
753	http://sumale.vjf.cnrs.fr/phono/AfficheTableauOrtho2N.php?choixLangue=kpelle
754	http://sumale.vjf.cnrs.fr/phono/AfficheTableauOrtho2N.php?choixLangue=kp%C9%9Bl%C9%9Bwoo
755	http://sumale.vjf.cnrs.fr/phono/AfficheTableauOrtho2N.php?choixLangue=kresh
756	http://sumale.vjf.cnrs.fr/phono/AfficheTableauOrtho2N.php?choixLangue=krio
757	http://sumale.vjf.cnrs.fr/phono/AfficheTableauOrtho2N.php?choixLangue=kroumen+t%C3%A9po
758	http://sumale.vjf.cnrs.fr/phono/AfficheTableauOrtho2N.php?choixLangue=kuria
759	http://sumale.vjf.cnrs.fr/phono/AfficheTableauOrtho2N.php?choixLangue=kusal
760	http://sumale.vjf.cnrs.fr/phono/AfficheTableauOrtho2N.php?choixLangue=lama
761	http://sumale.vjf.cnrs.fr/phono/AfficheTableauOrtho2N.php?choixLangue=lele
762	http://sumale.vjf.cnrs.fr/phono/AfficheTableauOrtho2N.php?choixLangue=lendu
763	http://sumale.vjf.cnrs.fr/phono/AfficheTableauOrtho2N.php?choixLangue=l%C9%94g%C9%94magooi
764	http://sumale.vjf.cnrs.fr/phono/AfficheTableauOrtho2N.php?choixLangue=l%C9%94k%C9%94
765	http://sumale.vjf.cnrs.fr/phono/AfficheTableauOrtho2N.php?choixLangue=ligbi
766	http://sumale.vjf.cnrs.fr/phono/AfficheTableauOrtho2N.php?choixLangue=limba
767	http://sumale.vjf.cnrs.fr/phono/AfficheTableauOrtho2N.php?choixLangue=limbum
768	http://sumale.vjf.cnrs.fr/phono/AfficheTableauOrtho2N.php?choixLangue=lingala
769	http://sumale.vjf.cnrs.fr/phono/AfficheTableauOrtho2N.php?choixLangue=lokpa+%28dompago%29
770	http://sumale.vjf.cnrs.fr/phono/AfficheTableauOrtho2N.php?choixLangue=luganda
771	http://sumale.vjf.cnrs.fr/phono/AfficheTableauOrtho2N.php?choixLangue=lugbara
772	http://sumale.vjf.cnrs.fr/phono/AfficheTableauOrtho2N.php?choixLangue=ly%C3%A9l%C3%A9
773	http://sumale.vjf.cnrs.fr/phono/AfficheTableauOrtho2N.php?choixLangue=mambila
774	http://sumale.vjf.cnrs.fr/phono/AfficheTableauOrtho2N.php?choixLangue=mambila
775	http://sumale.vjf.cnrs.fr/phono/AfficheTableauOrtho2N.php?choixLangue=mampruli
776	http://sumale.vjf.cnrs.fr/phono/AfficheTableauOrtho2N.php?choixLangue=mande%28malinke%2C+mandinka%29
777	http://sumale.vjf.cnrs.fr/phono/AfficheTableauOrtho2N.php?choixLangue=manding+%28mandingo%29
778	http://sumale.vjf.cnrs.fr/phono/AfficheTableauOrtho2N.php?choixLangue=mangbetu+%28meje%29
779	http://sumale.vjf.cnrs.fr/phono/AfficheTableauOrtho2N.php?choixLangue=maninka-kan
780	http://sumale.vjf.cnrs.fr/phono/AfficheTableauOrtho2N.php?choixLangue=m%C3%BCnd%C3%BC
781	http://sumale.vjf.cnrs.fr/phono/AfficheTableauOrtho2N.php?choixLangue=mbembe
782	http://sumale.vjf.cnrs.fr/phono/AfficheTableauOrtho2N.php?choixLangue=mbo%C3%B3
783	http://sumale.vjf.cnrs.fr/phono/AfficheTableauOrtho2N.php?choixLangue=mekaa
784	http://sumale.vjf.cnrs.fr/phono/AfficheTableauOrtho2N.php?choixLangue=mende
785	http://sumale.vjf.cnrs.fr/phono/AfficheTableauOrtho2N.php?choixLangue=metta+%28menemo%29
786	NA
787	http://sumale.vjf.cnrs.fr/phono/AfficheTableauOrtho2N.php?choixLangue=mo
788	http://sumale.vjf.cnrs.fr/phono/AfficheTableauOrtho2N.php?choixLangue=mofu-gudur
789	http://sumale.vjf.cnrs.fr/phono/AfficheTableauOrtho2N.php?choixLangue=moore
790	http://sumale.vjf.cnrs.fr/phono/AfficheTableauOrtho2N.php?choixLangue=muan
791	http://sumale.vjf.cnrs.fr/phono/AfficheTableauOrtho2N.php?choixLangue=mundani
792	http://sumale.vjf.cnrs.fr/phono/AfficheTableauOrtho2N.php?choixLangue=munukutuba
793	http://sumale.vjf.cnrs.fr/phono/AfficheTableauOrtho2N.php?choixLangue=murle
794	http://sumale.vjf.cnrs.fr/phono/AfficheTableauOrtho2N.php?choixLangue=mwaghavul+%28sura%29
795	http://sumale.vjf.cnrs.fr/phono/AfficheTableauOrtho2N.php?choixLangue=nafaanra
796	http://sumale.vjf.cnrs.fr/phono/AfficheTableauOrtho2N.php?choixLangue=nawdm
797	http://sumale.vjf.cnrs.fr/phono/AfficheTableauOrtho2N.php?choixLangue=n%CA%8Bni
798	http://sumale.vjf.cnrs.fr/phono/AfficheTableauOrtho2N.php?choixLangue=n%C9%94maa
799	http://sumale.vjf.cnrs.fr/phono/AfficheTableauOrtho2N.php?choixLangue=ngambai
800	http://sumale.vjf.cnrs.fr/phono/AfficheTableauOrtho2N.php?choixLangue=ngbaka
801	http://sumale.vjf.cnrs.fr/phono/AfficheTableauOrtho2N.php?choixLangue=ngbandi
802	http://sumale.vjf.cnrs.fr/phono/AfficheTableauOrtho2N.php?choixLangue=ngyemb%C9%94%C9%94n
803	http://sumale.vjf.cnrs.fr/phono/AfficheTableauOrtho2N.php?choixLangue=niaboua
804	http://sumale.vjf.cnrs.fr/phono/AfficheTableauOrtho2N.php?choixLangue=nso%CA%BC
805	http://sumale.vjf.cnrs.fr/phono/AfficheTableauOrtho2N.php?choixLangue=nugunu
806	http://sumale.vjf.cnrs.fr/phono/AfficheTableauOrtho2N.php?choixLangue=nupe
807	http://sumale.vjf.cnrs.fr/phono/AfficheTableauOrtho2N.php?choixLangue=pandikeri
808	http://sumale.vjf.cnrs.fr/phono/AfficheTableauOrtho2N.php?choixLangue=podoko
809	http://sumale.vjf.cnrs.fr/phono/AfficheTableauOrtho2N.php?choixLangue=pulaar+%28fulfulde%29
810	http://sumale.vjf.cnrs.fr/phono/AfficheTableauOrtho2N.php?choixLangue=pular+%28fulfulde%29
811	http://sumale.vjf.cnrs.fr/phono/AfficheTableauOrtho2N.php?choixLangue=rendille
812	http://sumale.vjf.cnrs.fr/phono/AfficheTableauOrtho2N.php?choixLangue=sabaot
813	http://sumale.vjf.cnrs.fr/phono/AfficheTableauOrtho2N.php?choixLangue=sango
814	http://sumale.vjf.cnrs.fr/phono/AfficheTableauOrtho2N.php?choixLangue=sango
815	http://sumale.vjf.cnrs.fr/phono/AfficheTableauOrtho2N.php?choixLangue=senoufo+%28senari%29
816	http://sumale.vjf.cnrs.fr/phono/AfficheTableauOrtho2N.php?choixLangue=sereer
817	http://sumale.vjf.cnrs.fr/phono/AfficheTableauOrtho2N.php?choixLangue=sissala
818	NA
819	http://sumale.vjf.cnrs.fr/phono/AfficheTableauOrtho2N.php?choixLangue=songhoy
820	http://sumale.vjf.cnrs.fr/phono/AfficheTableauOrtho2N.php?choixLangue=soninke
821	http://sumale.vjf.cnrs.fr/phono/AfficheTableauOrtho2N.php?choixLangue=sooninke+%28sarakole%29
822	http://sumale.vjf.cnrs.fr/phono/AfficheTableauOrtho2N.php?choixLangue=soso
823	http://sumale.vjf.cnrs.fr/phono/AfficheTableauOrtho2N.php?choixLangue=swahili
824	http://sumale.vjf.cnrs.fr/phono/AfficheTableauOrtho2N.php?choixLangue=tamajaq
825	http://sumale.vjf.cnrs.fr/phono/AfficheTableauOrtho2N.php?choixLangue=tamasheq
826	http://sumale.vjf.cnrs.fr/phono/AfficheTableauOrtho2N.php?choixLangue=tarok+%28yergum%29
827	http://sumale.vjf.cnrs.fr/phono/AfficheTableauOrtho2N.php?choixLangue=t%C3%A9%C3%A9n+%28loron%29
828	http://sumale.vjf.cnrs.fr/phono/AfficheTableauOrtho2N.php?choixLangue=teda
829	http://sumale.vjf.cnrs.fr/phono/AfficheTableauOrtho2N.php?choixLangue=tem
830	http://sumale.vjf.cnrs.fr/phono/AfficheTableauOrtho2N.php?choixLangue=t%C9%94fin
831	http://sumale.vjf.cnrs.fr/phono/AfficheTableauOrtho2N.php?choixLangue=themne
832	http://sumale.vjf.cnrs.fr/phono/AfficheTableauOrtho2N.php?choixLangue=tikar
833	http://sumale.vjf.cnrs.fr/phono/AfficheTableauOrtho2N.php?choixLangue=toposa
834	http://sumale.vjf.cnrs.fr/phono/AfficheTableauOrtho2N.php?choixLangue=toura
835	http://sumale.vjf.cnrs.fr/phono/AfficheTableauOrtho2N.php?choixLangue=toussian
836	http://sumale.vjf.cnrs.fr/phono/AfficheTableauOrtho2N.php?choixLangue=vagala
837	http://sumale.vjf.cnrs.fr/phono/AfficheTableauOrtho2N.php?choixLangue=vute
838	http://sumale.vjf.cnrs.fr/phono/AfficheTableauOrtho2N.php?choixLangue=waama
839	http://sumale.vjf.cnrs.fr/phono/AfficheTableauOrtho2N.php?choixLangue=wan
840	http://sumale.vjf.cnrs.fr/phono/AfficheTableauOrtho2N.php?choixLangue=wob%C3%A9
841	http://sumale.vjf.cnrs.fr/phono/AfficheTableauOrtho2N.php?choixLangue=wolof
842	http://sumale.vjf.cnrs.fr/phono/AfficheTableauOrtho2N.php?choixLangue=yamba
843	http://sumale.vjf.cnrs.fr/phono/AfficheTableauOrtho2N.php?choixLangue=yamb%C9%9Bta
844	http://sumale.vjf.cnrs.fr/phono/AfficheTableauOrtho2N.php?choixLangue=yaour%C3%A9
845	http://sumale.vjf.cnrs.fr/phono/AfficheTableauOrtho2N.php?choixLangue=yemba
846	http://sumale.vjf.cnrs.fr/phono/AfficheTableauOrtho2N.php?choixLangue=yom+%28pila-pila%29
847	http://sumale.vjf.cnrs.fr/phono/AfficheTableauOrtho2N.php?choixLangue=yorouba
848	http://sumale.vjf.cnrs.fr/phono/AfficheTableauOrtho2N.php?choixLangue=yorouba
849	http://sumale.vjf.cnrs.fr/phono/AfficheTableauOrtho2N.php?choixLangue=zande
850	http://sumale.vjf.cnrs.fr/phono/AfficheTableauOrtho2N.php?choixLangue=zarma+%28so%C5%8Bay%29
851	http://sumale.vjf.cnrs.fr/phono/AfficheTableauOrtho2N.php?choixLangue=zulgo
852	NA
853	NA
854	NA
855	NA
856	NA
857	NA
858	NA
859	NA
860	NA
861	NA
862	NA
863	NA
864	NA
865	NA
866	NA
867	NA
868	NA
869	NA
870	NA
871	NA
872	NA
873	NA
874	NA
875	NA
876	NA
877	NA
878	NA
879	NA
880	NA
881	NA
882	NA
883	NA
884	NA
885	NA
886	NA
887	NA
888	NA
889	NA
890	NA
891	NA
892	NA
893	NA
894	NA
895	NA
896	NA
897	NA
898	NA
899	NA
900	NA
901	NA
902	NA
903	NA
904	NA
905	NA
906	NA
907	NA
908	NA
909	NA
910	NA
911	NA
912	NA
913	NA
914	NA
915	NA
916	NA
917	NA
918	NA
919	NA
920	NA
921	NA
922	NA
923	NA
924	NA
925	NA
926	NA
927	NA
928	NA
929	NA
930	NA
931	NA
932	NA
933	NA
934	NA
935	NA
936	NA
937	NA
938	NA
939	NA
940	NA
941	NA
942	NA
943	NA
944	NA
945	NA
946	NA
947	NA
948	NA
949	NA
950	NA
951	NA
952	NA
953	NA
954	NA
955	NA
956	NA
957	NA
958	NA
959	NA
960	NA
961	NA
962	NA
963	NA
964	NA
965	NA
966	NA
967	NA
968	NA
969	NA
970	NA
971	NA
972	NA
973	NA
974	NA
975	NA
976	NA
977	NA
978	NA
979	NA
980	NA
981	NA
982	NA
983	NA
984	NA
985	NA
986	NA
987	NA
988	NA
989	NA
990	NA
991	NA
992	NA
993	NA
994	NA
995	NA
996	NA
997	NA
998	NA
999	NA
1000	NA
1001	NA
1002	NA
1003	NA
1004	NA
1005	NA
1006	NA
1007	NA
1008	NA
1009	NA
1010	NA
1011	NA
1012	NA
1013	NA
1014	NA
1015	NA
1016	NA
1017	NA
1018	NA
1019	NA
1020	NA
1021	NA
1022	NA
1023	NA
1024	NA
1025	NA
1026	NA
1027	NA
1028	NA
1029	NA
1030	NA
1031	NA
1032	NA
1033	NA
1034	NA
1035	NA
1036	NA
1037	NA
1038	NA
1039	NA
1040	NA
1041	NA
1042	NA
1043	NA
1044	NA
1045	NA
1046	NA
1047	NA
1048	NA
1049	NA
1050	NA
1051	NA
1052	NA
1053	NA
1054	NA
1055	NA
1056	NA
1057	NA
1058	NA
1059	NA
1060	NA
1061	NA
1062	NA
1063	NA
1064	NA
1065	NA
1066	NA
1067	NA
1068	NA
1069	NA
1070	NA
1071	NA
1072	NA
1073	NA
1074	NA
1075	NA
1076	NA
1077	NA
1078	NA
1079	NA
1080	NA
1081	NA
1082	NA
1083	NA
1084	NA
1085	NA
1086	NA
1087	NA
1088	NA
1089	NA
1090	NA
1091	NA
1092	NA
1093	NA
1094	NA
1095	NA
1096	NA
1097	NA
1098	NA
1099	NA
1100	NA
1101	NA
1102	NA
1103	NA
1104	NA
1105	NA
1106	NA
1107	NA
1108	NA
1109	NA
1110	NA
1111	NA
1112	NA
1113	NA
1114	NA
1115	NA
1116	NA
1117	NA
1118	NA
1119	NA
1120	NA
1121	NA
1122	NA
1123	NA
1124	NA
1125	NA
1126	NA
1127	NA
1128	NA
1129	NA
1130	NA
1131	NA
1132	NA
1133	NA
1134	NA
1135	NA
1136	NA
1137	NA
1138	NA
1139	NA
1140	NA
1141	NA
1142	NA
1143	NA
1144	NA
1145	NA
1146	NA
1147	NA
1148	NA
1149	NA
1150	NA
1151	NA
1152	NA
1153	NA
1154	NA
1155	NA
1156	NA
1157	NA
1158	NA
1159	NA
1160	NA
1161	NA
1162	NA
1163	NA
1164	NA
1165	NA
1166	NA
1167	NA
1168	NA
1169	NA
1170	NA
1171	NA
1172	NA
1173	NA
1174	NA
1175	NA
1176	NA
1177	NA
1178	NA
1179	NA
1180	NA
1181	NA
1182	NA
1183	NA
1184	NA
1185	NA
1186	NA
1187	NA
1188	NA
1189	NA
1190	NA
1191	NA
1192	NA
1193	NA
1194	NA
1195	NA
1196	NA
1197	NA
1198	NA
1199	NA
1200	NA
1201	NA
1202	NA
1203	NA
1204	NA
1205	NA
1206	NA
1207	NA
1208	NA
1209	NA
1210	NA
1211	NA
1212	NA
1213	NA
1214	NA
1215	NA
1216	NA
1217	NA
1218	NA
1219	NA
1220	NA
1221	NA
1222	NA
1223	NA
1224	NA
1225	NA
1226	NA
1227	NA
1228	NA
1229	NA
1230	NA
1231	NA
1232	NA
1233	NA
1234	NA
1235	NA
1236	NA
1237	NA
1238	NA
1239	NA
1240	NA
1241	NA
1242	NA
1243	NA
1244	NA
1245	NA
1246	NA
1247	NA
1248	NA
1249	NA
1250	NA
1251	NA
1252	NA
1253	NA
1254	NA
1255	NA
1256	NA
1257	NA
1258	NA
1259	NA
1260	NA
1261	NA
1262	NA
1263	NA
1264	NA
1265	NA
1266	NA
1267	NA
1268	NA
1269	NA
1270	NA
1271	NA
1272	NA
1273	NA
1274	NA
1275	NA
1276	NA
1277	NA
1278	NA
1279	NA
1280	NA
1281	NA
1282	NA
1283	NA
1284	NA
1285	NA
1286	NA
1287	NA
1288	NA
1289	NA
1290	NA
1291	NA
1292	NA
1293	NA
1294	NA
1295	NA
1296	NA
1297	NA
1298	NA
1299	NA
1300	NA
1301	NA
1302	NA
1303	NA
1304	NA
1305	NA
1306	NA
1307	NA
1308	NA
1309	NA
1310	NA
1311	NA
1312	NA
1313	NA
1314	NA
1315	NA
1316	NA
1317	NA
1318	NA
1319	NA
1320	NA
1321	NA
1322	NA
1323	NA
1324	NA
1325	NA
1326	NA
1327	NA
1328	NA
1329	NA
1330	NA
1331	NA
1332	NA
1333	NA
1334	NA
1335	NA
1336	NA
1337	NA
1338	NA
1339	NA
1340	NA
1341	NA
1342	NA
1343	NA
1344	NA
1345	NA
1346	NA
1347	NA
1348	NA
1349	NA
1350	NA
1351	NA
1352	NA
1353	NA
1354	NA
1355	NA
1356	NA
1357	NA
1358	NA
1359	NA
1360	NA
1361	NA
1362	NA
1363	NA
1364	NA
1365	NA
1366	NA
1367	NA
1368	NA
1369	NA
1370	NA
1371	NA
1372	NA
1373	NA
1374	NA
1375	NA
1376	NA
1377	NA
1378	NA
1379	NA
1380	NA
1381	NA
1382	NA
1383	NA
1384	NA
1385	NA
1386	NA
1387	NA
1388	NA
1389	NA
1390	NA
1391	NA
1392	NA
1393	NA
1394	NA
1395	NA
1396	NA
1397	NA
1398	NA
1399	NA
1400	NA
1401	NA
1402	NA
1403	NA
1404	NA
1405	NA
1406	NA
1407	NA
1408	NA
1409	NA
1410	NA
1411	NA
1412	NA
1413	NA
1414	NA
1415	NA
1416	NA
1417	NA
1418	NA
1419	NA
1420	NA
1421	NA
1422	NA
1423	NA
1424	NA
1425	NA
1426	NA
1427	NA
1428	NA
1429	NA
1430	NA
1431	NA
1432	NA
1433	NA
1434	NA
1435	NA
1436	NA
1437	NA
1438	NA
1439	NA
1440	NA
1441	NA
1442	NA
1443	NA
1444	NA
1445	NA
1446	NA
1447	NA
1448	NA
1449	NA
1450	NA
1451	NA
1452	NA
1453	NA
1454	NA
1455	NA
1456	NA
1457	NA
1458	NA
1459	NA
1460	NA
1461	NA
1462	NA
1463	NA
1464	NA
1465	NA
1466	NA
1467	NA
1468	NA
1469	NA
1470	NA
1471	NA
1472	NA
1473	NA
1474	NA
1475	NA
1476	NA
1477	NA
1478	NA
1479	NA
1480	NA
1481	NA
1482	NA
1483	NA
1484	NA
1485	NA
1486	NA
1487	NA
1488	NA
1489	NA
1490	NA
1491	NA
1492	NA
1493	NA
1494	NA
1495	NA
1496	NA
1497	NA
1498	NA
1499	NA
1500	NA
1501	NA
1502	NA
1503	NA
1504	NA
1505	NA
1506	NA
1507	NA
1508	NA
1509	NA
1510	NA
1511	NA
1512	NA
1513	NA
1514	NA
1515	NA
1516	NA
1517	NA
1518	NA
1519	NA
1520	NA
1521	NA
1522	NA
1523	NA
1524	NA
1525	NA
1526	NA
1527	NA
1528	NA
1529	NA
1530	NA
1531	NA
1532	NA
1533	NA
1534	NA
1535	NA
1536	NA
1537	NA
1538	NA
1539	NA
1540	NA
1541	NA
1542	NA
1543	NA
1544	NA
1545	NA
1546	NA
1547	NA
1548	NA
1549	NA
1550	NA
1551	NA
1552	NA
1553	NA
1554	NA
1555	NA
1556	NA
1557	NA
1558	NA
1559	NA
1560	NA
1561	NA
1562	NA
1563	NA
1564	NA
1565	NA
1566	NA
1567	NA
1568	NA
1569	NA
1570	NA
1571	NA
1572	NA
1573	NA
1574	NA
1575	NA
1576	NA
1577	NA
1578	NA
1579	NA
1580	NA
1581	NA
1582	NA
1583	NA
1584	NA
1585	NA
1586	NA
1587	NA
1588	NA
1589	NA
1590	NA
1591	NA
1592	NA
1593	NA
1594	NA
1595	NA
1596	NA
1597	NA
1598	NA
1599	NA
1600	NA
1601	NA
1602	NA
1603	NA
1604	NA
1605	NA
1606	NA
1607	NA
1608	NA
1609	NA
1610	NA
1611	NA
1612	NA
1613	NA
1614	NA
1615	NA
1616	NA
1617	NA
1618	NA
1619	NA
1620	NA
1621	NA
1622	NA
1623	NA
1624	NA
1625	NA
1626	NA
1627	NA
1628	NA
1629	NA
1630	NA
1631	NA
1632	NA
1633	NA
1634	NA
1635	NA
1636	NA
1637	NA
1638	NA
1639	NA
1640	NA
1641	NA
1642	NA
1643	NA
1644	NA
1645	NA
1646	NA
1647	NA
1648	NA
1649	NA
1650	NA
1651	NA
1652	NA
1653	NA
1654	NA
1655	NA
1656	NA
1657	NA
1658	NA
1659	NA
1660	NA
1661	NA
1662	NA
1663	NA
1664	NA
1665	NA
1666	NA
1667	NA
1668	NA
1669	NA
1670	NA
1671	NA
1672	NA
1673	NA
1674	NA
1675	NA
1676	NA
1677	NA
1678	NA
1679	NA
1680	NA
1681	NA
1682	NA
1683	NA
1684	NA
1685	NA
1686	NA
1687	NA
1688	NA
1689	NA
1690	NA
1691	NA
1692	NA
1693	NA
1694	NA
1695	NA
1696	NA
1697	NA
1698	NA
1699	NA
1700	NA
1701	NA
1702	NA
1703	NA
1704	NA
1705	NA
1706	NA
1707	NA
1708	NA
1709	NA
1710	NA
1711	NA
1712	NA
1713	NA
1714	NA
1715	NA
1716	NA
1717	NA
1718	NA
1719	NA
1720	NA
1721	NA
1722	NA
1723	NA
1724	NA
1725	NA
1726	NA
1727	NA
1728	NA
1729	NA
1730	NA
1731	NA
1732	NA
1733	NA
1734	NA
1735	NA
1736	NA
1737	NA
1738	NA
1739	NA
1740	NA
1741	NA
1742	NA
1743	NA
1744	NA
1745	NA
1746	NA
1747	NA
1748	NA
1749	NA
1750	NA
1751	NA
1752	NA
1753	NA
1754	NA
1755	NA
1756	NA
1757	NA
1758	NA
1759	NA
1760	NA
1761	NA
1762	NA
1763	NA
1764	NA
1765	NA
1766	NA
1767	NA
1768	NA
1769	NA
1770	NA
1771	NA
1772	NA
1773	NA
1774	NA
1775	NA
1776	NA
1777	NA
1778	NA
1779	NA
1780	NA
1781	NA
1782	NA
1783	NA
1784	NA
1785	NA
1786	NA
1787	NA
1788	NA
1789	NA
1790	NA
1791	NA
1792	NA
1793	NA
1794	NA
1795	NA
1796	NA
1797	NA
1798	NA
1799	NA
1800	NA
1801	http://linguistics.berkeley.edu/~saphon/en/inv/Kawesqar.html
1802	http://linguistics.berkeley.edu/~saphon/en/inv/Mapudungun.html
1803	http://linguistics.berkeley.edu/~saphon/en/inv/Achagua.html
1804	http://linguistics.berkeley.edu/~saphon/en/inv/Apurina.html
1805	http://linguistics.berkeley.edu/~saphon/en/inv/Lokono.html
1806	http://linguistics.berkeley.edu/~saphon/en/inv/Ashaninka.html
1807	http://linguistics.berkeley.edu/~saphon/en/inv/AsheninkaA.html
1808	http://linguistics.berkeley.edu/~saphon/en/inv/AsheninkaPe.html
1809	http://linguistics.berkeley.edu/~saphon/en/inv/AsheninkaPi.html
1810	http://linguistics.berkeley.edu/~saphon/en/inv/AsheninkaUc.html
1811	http://linguistics.berkeley.edu/~saphon/en/inv/Baniwa.html
1812	http://linguistics.berkeley.edu/~saphon/en/inv/Baniva.html
1813	http://linguistics.berkeley.edu/~saphon/en/inv/Bare.html
1814	http://linguistics.berkeley.edu/~saphon/en/inv/Cabiyari.html
1815	http://linguistics.berkeley.edu/~saphon/en/inv/Caquinte.html
1816	http://linguistics.berkeley.edu/~saphon/en/inv/Chamicuro.html
1817	http://linguistics.berkeley.edu/~saphon/en/inv/Curripaco.html
1818	http://linguistics.berkeley.edu/~saphon/en/inv/EnaweneNawe.html
1819	http://linguistics.berkeley.edu/~saphon/en/inv/Inyapari.html
1820	http://linguistics.berkeley.edu/~saphon/en/inv/Kinikinao.html
1821	http://linguistics.berkeley.edu/~saphon/en/inv/Manchinere.html
1822	http://linguistics.berkeley.edu/~saphon/en/inv/Matsigenka.html
1823	http://linguistics.berkeley.edu/~saphon/en/inv/Mehinaku.html
1824	http://linguistics.berkeley.edu/~saphon/en/inv/Nanti.html
1825	http://linguistics.berkeley.edu/~saphon/en/inv/Nomatsiguenga.html
1826	http://linguistics.berkeley.edu/~saphon/en/inv/Palikur.html
1827	http://linguistics.berkeley.edu/~saphon/en/inv/Paraujano.html
1828	http://linguistics.berkeley.edu/~saphon/en/inv/Parecis.html
1829	http://linguistics.berkeley.edu/~saphon/en/inv/Piapoco.html
1830	http://linguistics.berkeley.edu/~saphon/en/inv/Resigaro.html
1831	http://linguistics.berkeley.edu/~saphon/en/inv/Tariana.html
1832	http://linguistics.berkeley.edu/~saphon/en/inv/Terena.html
1833	http://linguistics.berkeley.edu/~saphon/en/inv/Wapichana.html
1834	http://linguistics.berkeley.edu/~saphon/en/inv/Warekena.html
1835	http://linguistics.berkeley.edu/~saphon/en/inv/Waura.html
1836	http://linguistics.berkeley.edu/~saphon/en/inv/Wayuu.html
1837	http://linguistics.berkeley.edu/~saphon/en/inv/Xiriana.html
1838	http://linguistics.berkeley.edu/~saphon/en/inv/Yanesha.html
1839	http://linguistics.berkeley.edu/~saphon/en/inv/Yavitero.html
1840	http://linguistics.berkeley.edu/~saphon/en/inv/Yawalapiti.html
1841	http://linguistics.berkeley.edu/~saphon/en/inv/Yine.html
1842	http://linguistics.berkeley.edu/~saphon/en/inv/Yucuna.html
1843	http://linguistics.berkeley.edu/~saphon/en/inv/Baure.html
1844	http://linguistics.berkeley.edu/~saphon/en/inv/Ignaciano.html
1845	http://linguistics.berkeley.edu/~saphon/en/inv/Deni.html
1846	http://linguistics.berkeley.edu/~saphon/en/inv/Jamamadi.html
1847	http://linguistics.berkeley.edu/~saphon/en/inv/Jarawara.html
1848	http://linguistics.berkeley.edu/~saphon/en/inv/Kulina.html
1849	http://linguistics.berkeley.edu/~saphon/en/inv/Paumari.html
1850	http://linguistics.berkeley.edu/~saphon/en/inv/Suruaha.html
1851	http://linguistics.berkeley.edu/~saphon/en/inv/Aymara.html
1852	http://linguistics.berkeley.edu/~saphon/en/inv/Jaqaru.html
1853	http://linguistics.berkeley.edu/~saphon/en/inv/AwaCuaiquer.html
1854	http://linguistics.berkeley.edu/~saphon/en/inv/Chapalaa.html
1855	http://linguistics.berkeley.edu/~saphon/en/inv/Guambiano.html
1856	http://linguistics.berkeley.edu/~saphon/en/inv/Tsafiki.html
1857	http://linguistics.berkeley.edu/~saphon/en/inv/Bora.html
1858	http://linguistics.berkeley.edu/~saphon/en/inv/Miranya.html
1859	http://linguistics.berkeley.edu/~saphon/en/inv/Muinane.html
1860	http://linguistics.berkeley.edu/~saphon/en/inv/Shiwilu.html
1861	http://linguistics.berkeley.edu/~saphon/en/inv/Shawi.html
1862	http://linguistics.berkeley.edu/~saphon/en/inv/Akurio.html
1863	http://linguistics.berkeley.edu/~saphon/en/inv/Apalai.html
1864	http://linguistics.berkeley.edu/~saphon/en/inv/AraraPara.html
1865	http://linguistics.berkeley.edu/~saphon/en/inv/BakairiE.html
1866	http://linguistics.berkeley.edu/~saphon/en/inv/BakairiW.html
1867	http://linguistics.berkeley.edu/~saphon/en/inv/CaribFrG.html
1868	http://linguistics.berkeley.edu/~saphon/en/inv/CaribVen.html
1869	http://linguistics.berkeley.edu/~saphon/en/inv/CaribESu.html
1870	http://linguistics.berkeley.edu/~saphon/en/inv/Carijona.html
1871	http://linguistics.berkeley.edu/~saphon/en/inv/Hixkaryana.html
1872	http://linguistics.berkeley.edu/~saphon/en/inv/Ikpeng.html
1873	http://linguistics.berkeley.edu/~saphon/en/inv/Ingariko.html
1874	http://linguistics.berkeley.edu/~saphon/en/inv/Japreria.html
1875	http://linguistics.berkeley.edu/~saphon/en/inv/Kaxuiana.html
1876	http://linguistics.berkeley.edu/~saphon/en/inv/Kuikuro.html
1877	http://linguistics.berkeley.edu/~saphon/en/inv/Macushi.html
1878	http://linguistics.berkeley.edu/~saphon/en/inv/Mapoyo.html
1879	http://linguistics.berkeley.edu/~saphon/en/inv/Yekwana.html
1880	http://linguistics.berkeley.edu/~saphon/en/inv/Panare.html
1881	http://linguistics.berkeley.edu/~saphon/en/inv/PemonT.html
1882	http://linguistics.berkeley.edu/~saphon/en/inv/PemonA.html
1883	http://linguistics.berkeley.edu/~saphon/en/inv/Pemono.html
1884	http://linguistics.berkeley.edu/~saphon/en/inv/Trio.html
1885	http://linguistics.berkeley.edu/~saphon/en/inv/WaimiriA.html
1886	http://linguistics.berkeley.edu/~saphon/en/inv/Waiwai.html
1887	http://linguistics.berkeley.edu/~saphon/en/inv/Wayana.html
1888	http://linguistics.berkeley.edu/~saphon/en/inv/Yabarana.html
1889	http://linguistics.berkeley.edu/~saphon/en/inv/OroWin.html
1890	http://linguistics.berkeley.edu/~saphon/en/inv/Wari.html
1891	http://linguistics.berkeley.edu/~saphon/en/inv/Ika.html
1892	http://linguistics.berkeley.edu/~saphon/en/inv/Bari.html
1893	http://linguistics.berkeley.edu/~saphon/en/inv/Muisca.html
1894	http://linguistics.berkeley.edu/~saphon/en/inv/Chimila.html
1895	http://linguistics.berkeley.edu/~saphon/en/inv/Cofan.html
1896	http://linguistics.berkeley.edu/~saphon/en/inv/Kogi.html
1897	http://linguistics.berkeley.edu/~saphon/en/inv/Kuna.html
1898	http://linguistics.berkeley.edu/~saphon/en/inv/Damana.html
1899	http://linguistics.berkeley.edu/~saphon/en/inv/Tunebo.html
1900	http://linguistics.berkeley.edu/~saphon/en/inv/WounMeu.html
1901	http://linguistics.berkeley.edu/~saphon/en/inv/EmberaBaudo.html
1902	http://linguistics.berkeley.edu/~saphon/en/inv/EmberaCatio.html
1903	http://linguistics.berkeley.edu/~saphon/en/inv/EmberaChami.html
1904	http://linguistics.berkeley.edu/~saphon/en/inv/EmberaN.html
1905	http://linguistics.berkeley.edu/~saphon/en/inv/Epena.html
1906	http://linguistics.berkeley.edu/~saphon/en/inv/GununYajich.html
1907	http://linguistics.berkeley.edu/~saphon/en/inv/Ona.html
1908	http://linguistics.berkeley.edu/~saphon/en/inv/Tehuelche.html
1909	http://linguistics.berkeley.edu/~saphon/en/inv/Kokama.html
1910	http://linguistics.berkeley.edu/~saphon/en/inv/Cuiba.html
1911	http://linguistics.berkeley.edu/~saphon/en/inv/Guahibo.html
1912	http://linguistics.berkeley.edu/~saphon/en/inv/Guayabero.html
1913	http://linguistics.berkeley.edu/~saphon/en/inv/Macaguan.html
1914	http://linguistics.berkeley.edu/~saphon/en/inv/Abipon.html
1915	http://linguistics.berkeley.edu/~saphon/en/inv/Kadiweu.html
1916	http://linguistics.berkeley.edu/~saphon/en/inv/Mocovi.html
1917	http://linguistics.berkeley.edu/~saphon/en/inv/Pilaga.html
1918	http://linguistics.berkeley.edu/~saphon/en/inv/TobaLany.html
1919	http://linguistics.berkeley.edu/~saphon/en/inv/TobaTak.html
1920	http://linguistics.berkeley.edu/~saphon/en/inv/Amarakaeri.html
1921	http://linguistics.berkeley.edu/~saphon/en/inv/Cholon.html
1922	http://linguistics.berkeley.edu/~saphon/en/inv/Andoke.html
1923	http://linguistics.berkeley.edu/~saphon/en/inv/Aiwa.html
1924	http://linguistics.berkeley.edu/~saphon/en/inv/Camsa.html
1925	http://linguistics.berkeley.edu/~saphon/en/inv/Candoshi.html
1926	http://linguistics.berkeley.edu/~saphon/en/inv/Cayubaba.html
1927	http://linguistics.berkeley.edu/~saphon/en/inv/Irantxe.html
1928	http://linguistics.berkeley.edu/~saphon/en/inv/Itonama.html
1929	http://linguistics.berkeley.edu/~saphon/en/inv/Leco.html
1930	http://linguistics.berkeley.edu/~saphon/en/inv/Lule.html
1931	http://linguistics.berkeley.edu/~saphon/en/inv/Mochica.html
1932	http://linguistics.berkeley.edu/~saphon/en/inv/Movima.html
1933	http://linguistics.berkeley.edu/~saphon/en/inv/Muniche.html
1934	http://linguistics.berkeley.edu/~saphon/en/inv/Paez.html
1935	http://linguistics.berkeley.edu/~saphon/en/inv/Puinave.html
1936	http://linguistics.berkeley.edu/~saphon/en/inv/Taushiro.html
1937	http://linguistics.berkeley.edu/~saphon/en/inv/Ticuna.html
1938	http://linguistics.berkeley.edu/~saphon/en/inv/Tinigua.html
1939	http://linguistics.berkeley.edu/~saphon/en/inv/Trumai.html
1940	http://linguistics.berkeley.edu/~saphon/en/inv/Urarina.html
1941	http://linguistics.berkeley.edu/~saphon/en/inv/Vilela.html
1942	http://linguistics.berkeley.edu/~saphon/en/inv/Waorani.html
1943	http://linguistics.berkeley.edu/~saphon/en/inv/Warao.html
1944	http://linguistics.berkeley.edu/~saphon/en/inv/Yamana.html
1945	http://linguistics.berkeley.edu/~saphon/en/inv/Yurakare.html
1946	http://linguistics.berkeley.edu/~saphon/en/inv/Achuar.html
1947	http://linguistics.berkeley.edu/~saphon/en/inv/Aguaruna.html
1948	http://linguistics.berkeley.edu/~saphon/en/inv/Huambisa.html
1949	http://linguistics.berkeley.edu/~saphon/en/inv/Shuar.html
1950	http://linguistics.berkeley.edu/~saphon/en/inv/Cacua.html
1951	http://linguistics.berkeley.edu/~saphon/en/inv/Nukak.html
1952	http://linguistics.berkeley.edu/~saphon/en/inv/Katukina.html
1953	http://linguistics.berkeley.edu/~saphon/en/inv/Apinaye.html
1954	http://linguistics.berkeley.edu/~saphon/en/inv/Arikapu.html
1955	http://linguistics.berkeley.edu/~saphon/en/inv/Bororo.html
1956	http://linguistics.berkeley.edu/~saphon/en/inv/Canela.html
1957	http://linguistics.berkeley.edu/~saphon/en/inv/Besiro.html
1958	http://linguistics.berkeley.edu/~saphon/en/inv/GaviaoP.html
1959	http://linguistics.berkeley.edu/~saphon/en/inv/Guato.html
1960	http://linguistics.berkeley.edu/~saphon/en/inv/Jabuti.html
1961	http://linguistics.berkeley.edu/~saphon/en/inv/Kaingang.html
1962	http://linguistics.berkeley.edu/~saphon/en/inv/Karaja.html
1963	http://linguistics.berkeley.edu/~saphon/en/inv/Mebengokre.html
1964	http://linguistics.berkeley.edu/~saphon/en/inv/Kraho.html
1965	http://linguistics.berkeley.edu/~saphon/en/inv/Krenak.html
1966	http://linguistics.berkeley.edu/~saphon/en/inv/Krinkati.html
1967	http://linguistics.berkeley.edu/~saphon/en/inv/Maxakali.html
1968	http://linguistics.berkeley.edu/~saphon/en/inv/Ofaye.html
1969	http://linguistics.berkeley.edu/~saphon/en/inv/Panara.html
1970	http://linguistics.berkeley.edu/~saphon/en/inv/Parkateje.html
1971	http://linguistics.berkeley.edu/~saphon/en/inv/Puri.html
1972	http://linguistics.berkeley.edu/~saphon/en/inv/Rikbaktsa.html
1973	http://linguistics.berkeley.edu/~saphon/en/inv/Suya.html
1974	http://linguistics.berkeley.edu/~saphon/en/inv/Tapayuna.html
1975	http://linguistics.berkeley.edu/~saphon/en/inv/Umotina.html
1976	http://linguistics.berkeley.edu/~saphon/en/inv/Xavante.html
1977	http://linguistics.berkeley.edu/~saphon/en/inv/Xerente.html
1978	http://linguistics.berkeley.edu/~saphon/en/inv/Xokleng.html
1979	http://linguistics.berkeley.edu/~saphon/en/inv/Yaathe.html
1980	http://linguistics.berkeley.edu/~saphon/en/inv/KaingangSP.html
1981	http://linguistics.berkeley.edu/~saphon/en/inv/Chorote.html
1982	http://linguistics.berkeley.edu/~saphon/en/inv/Maka.html
1983	http://linguistics.berkeley.edu/~saphon/en/inv/Chulupi.html
1984	http://linguistics.berkeley.edu/~saphon/en/inv/WichiMP.html
1985	http://linguistics.berkeley.edu/~saphon/en/inv/Callawalla.html
1986	http://linguistics.berkeley.edu/~saphon/en/inv/MosetenC.html
1987	http://linguistics.berkeley.edu/~saphon/en/inv/MosetenSA.html
1988	http://linguistics.berkeley.edu/~saphon/en/inv/Tsimane.html
1989	http://linguistics.berkeley.edu/~saphon/en/inv/Piraha.html
1990	http://linguistics.berkeley.edu/~saphon/en/inv/Daw.html
1991	http://linguistics.berkeley.edu/~saphon/en/inv/Hupde.html
1992	http://linguistics.berkeley.edu/~saphon/en/inv/Nadeb.html
1993	http://linguistics.berkeley.edu/~saphon/en/inv/Yuhup.html
1994	http://linguistics.berkeley.edu/~saphon/en/inv/Kithaulhu.html
1995	http://linguistics.berkeley.edu/~saphon/en/inv/Latunde.html
1996	http://linguistics.berkeley.edu/~saphon/en/inv/Mamainde.html
1997	http://linguistics.berkeley.edu/~saphon/en/inv/Sabane.html
1998	http://linguistics.berkeley.edu/~saphon/en/inv/Amahuaca.html
1999	http://linguistics.berkeley.edu/~saphon/en/inv/Shawa.html
2000	http://linguistics.berkeley.edu/~saphon/en/inv/Capanahua.html
2001	http://linguistics.berkeley.edu/~saphon/en/inv/Cashibo.html
2002	http://linguistics.berkeley.edu/~saphon/en/inv/Chacobo.html
2003	http://linguistics.berkeley.edu/~saphon/en/inv/Kashinawa.html
2004	http://linguistics.berkeley.edu/~saphon/en/inv/KatukinaPan.html
2005	http://linguistics.berkeley.edu/~saphon/en/inv/Kaxarari.html
2006	http://linguistics.berkeley.edu/~saphon/en/inv/Korubo.html
2007	http://linguistics.berkeley.edu/~saphon/en/inv/Matis.html
2008	http://linguistics.berkeley.edu/~saphon/en/inv/Matses.html
2009	http://linguistics.berkeley.edu/~saphon/en/inv/Nukini.html
2010	http://linguistics.berkeley.edu/~saphon/en/inv/Panobo.html
2011	http://linguistics.berkeley.edu/~saphon/en/inv/Poyanawa.html
2012	http://linguistics.berkeley.edu/~saphon/en/inv/Saynawa.html
2013	http://linguistics.berkeley.edu/~saphon/en/inv/Shanenawa.html
2014	http://linguistics.berkeley.edu/~saphon/en/inv/Sharanahua.html
2015	http://linguistics.berkeley.edu/~saphon/en/inv/Shipibo.html
2016	http://linguistics.berkeley.edu/~saphon/en/inv/Yaminahua.html
2017	http://linguistics.berkeley.edu/~saphon/en/inv/Yawanawa.html
2018	http://linguistics.berkeley.edu/~saphon/en/inv/Yora.html
2019	http://linguistics.berkeley.edu/~saphon/en/inv/Yagua.html
2020	http://linguistics.berkeley.edu/~saphon/en/inv/Yameo.html
2021	http://linguistics.berkeley.edu/~saphon/en/inv/AncashQ.html
2022	http://linguistics.berkeley.edu/~saphon/en/inv/CajamarcaQ.html
2023	http://linguistics.berkeley.edu/~saphon/en/inv/ChachapoyasQ.html
2024	http://linguistics.berkeley.edu/~saphon/en/inv/CuzcoCollaoQ.html
2025	http://linguistics.berkeley.edu/~saphon/en/inv/FerrenafeQ.html
2026	http://linguistics.berkeley.edu/~saphon/en/inv/ImbaburaQ.html
2027	http://linguistics.berkeley.edu/~saphon/en/inv/IngaHQ.html
2028	http://linguistics.berkeley.edu/~saphon/en/inv/IngaJQ.html
2029	http://linguistics.berkeley.edu/~saphon/en/inv/JaujaHuancaQ.html
2030	http://linguistics.berkeley.edu/~saphon/en/inv/NJuninSPQ.html
2031	http://linguistics.berkeley.edu/~saphon/en/inv/NJuninT.html
2032	http://linguistics.berkeley.edu/~saphon/en/inv/AyacuchoQ.html
2033	http://linguistics.berkeley.edu/~saphon/en/inv/BolivianQ.html
2034	http://linguistics.berkeley.edu/~saphon/en/inv/HuallagaHQ.html
2035	http://linguistics.berkeley.edu/~saphon/en/inv/HuaylasCQ.html
2036	http://linguistics.berkeley.edu/~saphon/en/inv/SanMartinQ.html
2037	http://linguistics.berkeley.edu/~saphon/en/inv/YaruQ.html
2038	http://linguistics.berkeley.edu/~saphon/en/inv/SantiagoEQ.html
2039	http://linguistics.berkeley.edu/~saphon/en/inv/NapoQ.html
2040	http://linguistics.berkeley.edu/~saphon/en/inv/SalascaQ.html
2041	http://linguistics.berkeley.edu/~saphon/en/inv/TenaQ.html
2042	http://linguistics.berkeley.edu/~saphon/en/inv/Piaroa.html
2043	http://linguistics.berkeley.edu/~saphon/en/inv/Saliba.html
2044	http://linguistics.berkeley.edu/~saphon/en/inv/Araona.html
2045	http://linguistics.berkeley.edu/~saphon/en/inv/Cavinenya.html
2046	http://linguistics.berkeley.edu/~saphon/en/inv/EseEjja.html
2047	http://linguistics.berkeley.edu/~saphon/en/inv/EseEja.html
2048	http://linguistics.berkeley.edu/~saphon/en/inv/Reyesano.html
2049	http://linguistics.berkeley.edu/~saphon/en/inv/Tacana.html
2050	http://linguistics.berkeley.edu/~saphon/en/inv/BarasanaE.html
2051	http://linguistics.berkeley.edu/~saphon/en/inv/Kubeo.html
2052	http://linguistics.berkeley.edu/~saphon/en/inv/Desano.html
2053	http://linguistics.berkeley.edu/~saphon/en/inv/Guanano.html
2054	http://linguistics.berkeley.edu/~saphon/en/inv/Karapana.html
2055	http://linguistics.berkeley.edu/~saphon/en/inv/Koreguaje.html
2056	http://linguistics.berkeley.edu/~saphon/en/inv/Macuna.html
2057	http://linguistics.berkeley.edu/~saphon/en/inv/Maihiki.html
2058	http://linguistics.berkeley.edu/~saphon/en/inv/Piratapuyo.html
2059	http://linguistics.berkeley.edu/~saphon/en/inv/Secoya.html
2060	http://linguistics.berkeley.edu/~saphon/en/inv/Siona.html
2061	http://linguistics.berkeley.edu/~saphon/en/inv/Siriano.html
2062	http://linguistics.berkeley.edu/~saphon/en/inv/TanimucaR.html
2063	http://linguistics.berkeley.edu/~saphon/en/inv/Tatuyo.html
2064	http://linguistics.berkeley.edu/~saphon/en/inv/Tucano.html
2065	http://linguistics.berkeley.edu/~saphon/en/inv/Tuyuca.html
2066	http://linguistics.berkeley.edu/~saphon/en/inv/Waimaha.html
2067	http://linguistics.berkeley.edu/~saphon/en/inv/Yuruti.html
2068	http://linguistics.berkeley.edu/~saphon/en/inv/Ache.html
2069	http://linguistics.berkeley.edu/~saphon/en/inv/Akuntsu.html
2070	http://linguistics.berkeley.edu/~saphon/en/inv/Amundava.html
2071	http://linguistics.berkeley.edu/~saphon/en/inv/Apiaka.html
2072	http://linguistics.berkeley.edu/~saphon/en/inv/Arawete.html
2073	http://linguistics.berkeley.edu/~saphon/en/inv/AsuriniX.html
2074	http://linguistics.berkeley.edu/~saphon/en/inv/AsuriniT.html
2075	http://linguistics.berkeley.edu/~saphon/en/inv/AvaCanoeiro.html
2076	http://linguistics.berkeley.edu/~saphon/en/inv/Aweti.html
2077	http://linguistics.berkeley.edu/~saphon/en/inv/ChiriguanoC.html
2078	http://linguistics.berkeley.edu/~saphon/en/inv/ChiriguanoI.html
2079	http://linguistics.berkeley.edu/~saphon/en/inv/Emerillon.html
2080	http://linguistics.berkeley.edu/~saphon/en/inv/GaviaoJ.html
2081	http://linguistics.berkeley.edu/~saphon/en/inv/Guaja.html
2082	http://linguistics.berkeley.edu/~saphon/en/inv/Guajajara.html
2083	http://linguistics.berkeley.edu/~saphon/en/inv/Mbya.html
2084	http://linguistics.berkeley.edu/~saphon/en/inv/GuaraniP.html
2085	http://linguistics.berkeley.edu/~saphon/en/inv/Guarayu.html
2086	http://linguistics.berkeley.edu/~saphon/en/inv/Juma.html
2087	http://linguistics.berkeley.edu/~saphon/en/inv/Juruna.html
2088	http://linguistics.berkeley.edu/~saphon/en/inv/Kaapor.html
2089	http://linguistics.berkeley.edu/~saphon/en/inv/Kaiwa.html
2090	http://linguistics.berkeley.edu/~saphon/en/inv/Kamayura.html
2091	http://linguistics.berkeley.edu/~saphon/en/inv/Karitiana.html
2092	http://linguistics.berkeley.edu/~saphon/en/inv/Karo.html
2093	http://linguistics.berkeley.edu/~saphon/en/inv/Kayabi.html
2094	http://linguistics.berkeley.edu/~saphon/en/inv/Kuruaya.html
2095	http://linguistics.berkeley.edu/~saphon/en/inv/Makurap.html
2096	http://linguistics.berkeley.edu/~saphon/en/inv/Munduruku.html
2097	http://linguistics.berkeley.edu/~saphon/en/inv/Nheengatu.html
2098	http://linguistics.berkeley.edu/~saphon/en/inv/Omagua.html
2099	http://linguistics.berkeley.edu/~saphon/en/inv/PaiTavytera.html
2100	http://linguistics.berkeley.edu/~saphon/en/inv/Parakana.html
2101	http://linguistics.berkeley.edu/~saphon/en/inv/Sakirabia.html
2102	http://linguistics.berkeley.edu/~saphon/en/inv/SatereMawe.html
2103	http://linguistics.berkeley.edu/~saphon/en/inv/Surui.html
2104	http://linguistics.berkeley.edu/~saphon/en/inv/Tapiete.html
2105	http://linguistics.berkeley.edu/~saphon/en/inv/Tapirape.html
2106	http://linguistics.berkeley.edu/~saphon/en/inv/Tembe.html
2107	http://linguistics.berkeley.edu/~saphon/en/inv/Tenharim.html
2108	http://linguistics.berkeley.edu/~saphon/en/inv/Tupari.html
2109	http://linguistics.berkeley.edu/~saphon/en/inv/Tupinamba.html
2110	http://linguistics.berkeley.edu/~saphon/en/inv/UruEuWauWau.html
2111	http://linguistics.berkeley.edu/~saphon/en/inv/WayampiAJ.html
2112	http://linguistics.berkeley.edu/~saphon/en/inv/WayampiAmp.html
2113	http://linguistics.berkeley.edu/~saphon/en/inv/Xeta.html
2114	http://linguistics.berkeley.edu/~saphon/en/inv/Xipaya.html
2115	http://linguistics.berkeley.edu/~saphon/en/inv/Zoe.html
2116	http://linguistics.berkeley.edu/~saphon/en/inv/Siriono.html
2117	http://linguistics.berkeley.edu/~saphon/en/inv/Yuqui.html
2118	http://linguistics.berkeley.edu/~saphon/en/inv/Aikana.html
2119	http://linguistics.berkeley.edu/~saphon/en/inv/AraraMG.html
2120	http://linguistics.berkeley.edu/~saphon/en/inv/Hoti.html
2121	http://linguistics.berkeley.edu/~saphon/en/inv/Kanoe.html
2122	http://linguistics.berkeley.edu/~saphon/en/inv/KaririXocoDz.html
2123	http://linguistics.berkeley.edu/~saphon/en/inv/Kunza.html
2124	http://linguistics.berkeley.edu/~saphon/en/inv/Kwaza.html
2125	http://linguistics.berkeley.edu/~saphon/en/inv/Pume.html
2126	http://linguistics.berkeley.edu/~saphon/en/inv/Chipaya.html
2127	http://linguistics.berkeley.edu/~saphon/en/inv/Uru.html
2128	http://linguistics.berkeley.edu/~saphon/en/inv/HuitotoMinica.html
2129	http://linguistics.berkeley.edu/~saphon/en/inv/HuitotoMurui.html
2130	http://linguistics.berkeley.edu/~saphon/en/inv/Nonuya.html
2131	http://linguistics.berkeley.edu/~saphon/en/inv/Ocaina.html
2132	http://linguistics.berkeley.edu/~saphon/en/inv/NinamN.html
2133	http://linguistics.berkeley.edu/~saphon/en/inv/Sanuma.html
2134	http://linguistics.berkeley.edu/~saphon/en/inv/Yanomami.html
2135	http://linguistics.berkeley.edu/~saphon/en/inv/Yanomamo.html
2136	http://linguistics.berkeley.edu/~saphon/en/inv/Chamacoco.html
2137	http://linguistics.berkeley.edu/~saphon/en/inv/Ayoreo.html
2138	http://linguistics.berkeley.edu/~saphon/en/inv/Andoa.html
2139	http://linguistics.berkeley.edu/~saphon/en/inv/Arabela.html
2140	http://linguistics.berkeley.edu/~saphon/en/inv/Iquito.html
2141	http://linguistics.berkeley.edu/~saphon/en/inv/Sapara.html
2142	http://linguistics.berkeley.edu/~saphon/en/inv/Nhandeva.html
2143	http://linguistics.berkeley.edu/~saphon/en/inv/Pisamira.html
2144	http://linguistics.berkeley.edu/~saphon/en/inv/AlacalufeS.html
2145	http://linguistics.berkeley.edu/~saphon/en/inv/AymaraC.html
2146	http://linguistics.berkeley.edu/~saphon/en/inv/YanomamaP.html
2147	http://linguistics.berkeley.edu/~saphon/en/inv/YanomaeD.html
2148	http://linguistics.berkeley.edu/~saphon/en/inv/SanomaK.html
2149	http://linguistics.berkeley.edu/~saphon/en/inv/YanomamiP.html
2150	http://linguistics.berkeley.edu/~saphon/en/inv/YaroameS.html
2151	http://linguistics.berkeley.edu/~saphon/en/inv/YanomamiV.html
2152	http://linguistics.berkeley.edu/~saphon/en/inv/Pacahuara.html
2153	http://linguistics.berkeley.edu/~saphon/en/inv/YukpaMa.html
2154	http://linguistics.berkeley.edu/~saphon/en/inv/YukpaIra.html
2155	http://linguistics.berkeley.edu/~saphon/en/inv/Trinitario.html
