InventoryID	InternetArchive
1	NA
2	NA
3	NA
4	NA
5	NA
6	NA
7	NA
8	NA
9	NA
10	NA
11	NA
12	NA
13	NA
14	NA
15	NA
16	NA
17	NA
18	NA
19	NA
20	NA
21	NA
22	NA
23	NA
24	NA
25	NA
26	NA
27	NA
28	NA
29	NA
30	NA
31	NA
32	NA
33	NA
34	NA
35	NA
36	NA
37	NA
38	NA
39	NA
40	NA
41	NA
42	NA
43	NA
44	NA
45	NA
46	NA
47	NA
48	NA
49	NA
50	NA
51	NA
52	NA
53	NA
54	NA
55	NA
56	NA
57	NA
58	NA
59	NA
60	NA
61	NA
62	NA
63	NA
64	NA
65	NA
66	NA
67	NA
68	NA
69	NA
70	NA
71	NA
72	NA
73	NA
74	NA
75	NA
76	NA
77	NA
78	NA
79	NA
80	NA
81	NA
82	NA
83	NA
84	NA
85	NA
86	NA
87	NA
88	NA
89	NA
90	NA
91	NA
92	NA
93	NA
94	NA
95	NA
96	NA
97	NA
98	NA
99	NA
100	NA
101	NA
102	NA
103	NA
104	NA
105	NA
106	NA
107	NA
108	NA
109	NA
110	NA
111	NA
112	NA
113	NA
114	NA
115	NA
116	NA
117	NA
118	NA
119	NA
120	NA
121	NA
122	NA
123	NA
124	NA
125	NA
126	NA
127	NA
128	NA
129	NA
130	NA
131	NA
132	NA
133	NA
134	NA
135	NA
136	NA
137	NA
138	NA
139	NA
140	NA
141	NA
142	NA
143	NA
144	NA
145	NA
146	NA
147	NA
148	NA
149	NA
150	NA
151	NA
152	NA
153	NA
154	NA
155	NA
156	NA
157	NA
158	NA
159	NA
160	NA
161	NA
162	NA
163	NA
164	NA
165	NA
166	NA
167	NA
168	NA
169	NA
170	NA
171	NA
172	NA
173	NA
174	NA
175	NA
176	NA
177	NA
178	NA
179	NA
180	NA
181	NA
182	NA
183	NA
184	NA
185	NA
186	NA
187	NA
188	NA
189	NA
190	NA
191	NA
192	NA
193	NA
194	NA
195	NA
196	NA
197	NA
198	NA
199	NA
200	NA
201	NA
202	NA
203	NA
204	NA
205	NA
206	NA
207	NA
208	NA
209	NA
210	NA
211	NA
212	NA
213	NA
214	NA
215	NA
216	NA
217	NA
218	NA
219	NA
220	NA
221	NA
222	NA
223	NA
224	NA
225	NA
226	NA
227	NA
228	NA
229	NA
230	NA
231	NA
232	NA
233	NA
234	NA
235	NA
236	NA
237	NA
238	NA
239	NA
240	NA
241	NA
242	NA
243	NA
244	NA
245	NA
246	NA
247	NA
248	NA
249	NA
250	NA
251	NA
252	NA
253	NA
254	NA
255	NA
256	NA
257	NA
258	NA
259	NA
260	NA
261	NA
262	NA
263	NA
264	NA
265	NA
266	NA
267	NA
268	NA
269	NA
270	NA
271	NA
272	NA
273	NA
274	NA
275	NA
276	NA
277	NA
278	NA
279	NA
280	NA
281	NA
282	NA
283	NA
284	NA
285	NA
286	NA
287	NA
288	NA
289	NA
290	NA
291	NA
292	NA
293	NA
294	NA
295	NA
296	NA
297	NA
298	NA
299	NA
300	NA
301	NA
302	NA
303	NA
304	NA
305	NA
306	NA
307	NA
308	NA
309	NA
310	NA
311	NA
312	NA
313	NA
314	NA
315	NA
316	NA
317	NA
318	NA
319	NA
320	NA
321	NA
322	NA
323	NA
324	NA
325	NA
326	NA
327	NA
328	NA
329	NA
330	NA
331	NA
332	NA
333	NA
334	NA
335	NA
336	NA
337	NA
338	NA
339	NA
340	NA
341	NA
342	NA
343	NA
344	NA
345	NA
346	NA
347	NA
348	NA
349	NA
350	NA
351	NA
352	NA
353	NA
354	NA
355	NA
356	NA
357	NA
358	NA
359	NA
360	NA
361	NA
362	NA
363	NA
364	NA
365	NA
366	NA
367	NA
368	NA
369	NA
370	NA
371	NA
372	NA
373	NA
374	NA
375	NA
376	NA
377	NA
378	NA
379	NA
380	NA
381	NA
382	NA
383	NA
384	NA
385	NA
386	NA
387	NA
388	NA
389	NA
390	NA
391	NA
392	NA
393	NA
394	NA
395	NA
396	NA
397	NA
398	NA
399	NA
400	NA
401	NA
402	NA
403	NA
404	NA
405	NA
406	NA
407	NA
408	NA
409	NA
410	NA
411	NA
412	NA
413	NA
414	NA
415	NA
416	NA
417	NA
418	NA
419	NA
420	NA
421	NA
422	NA
423	NA
424	NA
425	NA
426	NA
427	NA
428	NA
429	NA
430	NA
431	NA
432	NA
433	NA
434	NA
435	NA
436	NA
437	NA
438	NA
439	NA
440	NA
441	NA
442	NA
443	NA
444	NA
445	NA
446	NA
447	NA
448	NA
449	NA
450	NA
451	NA
452	NA
453	NA
454	NA
455	NA
456	NA
457	NA
458	NA
459	NA
460	NA
461	NA
462	NA
463	NA
464	NA
465	NA
466	NA
467	NA
468	NA
469	NA
470	NA
471	NA
472	NA
473	NA
474	NA
475	NA
476	NA
477	NA
478	NA
479	NA
480	NA
481	NA
482	NA
483	NA
484	NA
485	NA
486	NA
487	NA
488	NA
489	NA
490	NA
491	NA
492	NA
493	NA
494	NA
495	NA
496	NA
497	NA
498	NA
499	NA
500	NA
501	NA
502	NA
503	NA
504	NA
505	NA
506	NA
507	NA
508	NA
509	NA
510	NA
511	NA
512	NA
513	NA
514	NA
515	NA
516	NA
517	NA
518	NA
519	NA
520	NA
521	NA
522	NA
523	NA
524	NA
525	NA
526	NA
527	NA
528	NA
529	NA
530	NA
531	NA
532	NA
533	NA
534	NA
535	NA
536	NA
537	NA
538	NA
539	NA
540	NA
541	NA
542	NA
543	NA
544	NA
545	NA
546	NA
547	NA
548	NA
549	NA
550	NA
551	NA
552	NA
553	NA
554	NA
555	NA
556	NA
557	NA
558	NA
559	NA
560	NA
561	NA
562	NA
563	NA
564	NA
565	NA
566	NA
567	NA
568	NA
569	NA
570	NA
571	NA
572	NA
573	NA
574	NA
575	NA
576	NA
577	NA
578	NA
579	NA
580	NA
581	NA
582	NA
583	NA
584	NA
585	NA
586	NA
587	NA
588	NA
589	NA
590	NA
591	NA
592	NA
593	NA
594	NA
595	NA
596	NA
597	NA
598	NA
599	NA
600	NA
601	NA
602	NA
603	NA
604	NA
605	NA
606	NA
607	NA
608	NA
609	NA
610	NA
611	NA
612	NA
613	NA
614	NA
615	NA
616	NA
617	NA
618	NA
619	NA
620	NA
621	NA
622	NA
623	NA
624	NA
625	NA
626	NA
627	NA
628	NA
629	NA
630	NA
631	NA
632	NA
633	NA
634	NA
635	NA
636	NA
637	NA
638	NA
639	NA
640	NA
641	NA
642	NA
643	NA
644	NA
645	NA
646	NA
647	NA
648	NA
649	https://archive.org/details/rosettaproject_abi_ortho-1
650	https://archive.org/details/rosettaproject_adj_ortho-1
651	NA
652	NA
653	NA
654	https://archive.org/details/rosettaproject_ahl_ortho-2
655	https://archive.org/details/rosettaproject_aka_ortho-2
656	NA
657	https://archive.org/details/rosettaproject_anc_ortho-1
658	https://archive.org/details/rosettaproject_cko_ortho-1
659	https://archive.org/details/rosettaproject_apd_ortho-1
660	https://archive.org/details/rosettaproject_avu_ortho-1
661	NA
662	NA
663	NA
664	NA
665	NA
666	NA
667	https://archive.org/details/rosettaproject_bza_ortho-1
668	NA
669	NA
670	https://archive.org/details/rosettaproject_bas_ortho-1
671	https://archive.org/details/rosettaproject_bsq_ortho-1
672	https://archive.org/details/rosettaproject_bud_ortho-1
673	NA
674	https://archive.org/details/rosettaproject_bkv_ortho-1
675	https://archive.org/details/rosettaproject_bom_ortho-1
676	https://archive.org/details/rosettaproject_nhb_ortho-1
677	https://archive.org/details/rosettaproject_bhy_ortho-1
678	https://archive.org/details/rosettaproject_beh_ortho-1
679	https://archive.org/details/rosettaproject_bim_ortho-1
680	https://archive.org/details/rosettaproject_bib_ortho-1
681	NA
682	NA
683	https://archive.org/details/rosettaproject_bzx_ortho-1
684	NA
685	https://archive.org/details/rosettaproject_cme_ortho-1
686	https://archive.org/details/rosettaproject_ncu_ortho-1
687	https://archive.org/details/rosettaproject_dbq_ortho-1
688	https://archive.org/details/rosettaproject_dga_ortho-1
689	https://archive.org/details/rosettaproject_dgi_ortho-1
690	https://archive.org/details/rosettaproject_dag_ortho-1
691	https://archive.org/details/rosettaproject_daf_ortho-1
692	https://archive.org/details/rosettaproject_ada_ortho-1
693	https://archive.org/details/rosettaproject_dzg_ortho-1
694	NA
695	NA
696	https://archive.org/details/rosettaproject_dyu_ortho-1
697	https://archive.org/details/rosettaproject_tbz_ortho-1
698	https://archive.org/details/rosettaproject_dow_ortho-1
699	NA
700	NA
701	https://archive.org/details/rosettaproject_dug_ortho-1
702	https://archive.org/details/rosettaproject_igb_ortho-1
703	NA
704	https://archive.org/details/rosettaproject_bin_ortho-1
705	NA
706	https://archive.org/details/rosettaproject_etu_ortho-1
707	NA
708	https://archive.org/details/rosettaproject_enn_ortho-1
709	https://archive.org/details/rosettaproject_ewo_ortho-1
710	https://archive.org/details/rosettaproject_fmp_ortho-1
711	https://archive.org/details/rosettaproject_fon_ortho-1
712	NA
713	NA
714	https://archive.org/details/rosettaproject_ffm_ortho-1
715	NA
716	https://archive.org/details/rosettaproject_flr_ortho-1
717	https://archive.org/details/rosettaproject_gaa_ortho-1
718	https://archive.org/details/rosettaproject_gng_ortho-1
719	NA
720	NA
721	https://archive.org/details/rosettaproject_gej_ortho-1
722	NA
723	NA
724	https://archive.org/details/rosettaproject_gjn_ortho-1
725	NA
726	NA
727	NA
728	https://archive.org/details/rosettaproject_hag_ortho-1
729	https://archive.org/details/rosettaproject_hau_ortho-2
730	https://archive.org/details/rosettaproject_hau_ortho-3
731	NA
732	https://archive.org/details/rosettaproject_ibo_ortho-2
733	https://archive.org/details/rosettaproject_ige_ortho-1
734	NA
735	NA
736	NA
737	NA
738	https://archive.org/details/rosettaproject_bex_ortho-1
739	NA
740	NA
741	NA
742	NA
743	NA
744	https://archive.org/details/rosettaproject_kzr_ortho-1
745	https://archive.org/details/rosettaproject_xsm_ortho-2
746	https://archive.org/details/rosettaproject_xsm_ortho-1
747	NA
748	https://archive.org/details/rosettaproject_kik_ortho-1
749	NA
750	NA
751	NA
752	https://archive.org/details/rosettaproject_xon_ortho-1
753	https://archive.org/details/rosettaproject_xpe_ortho-1
754	https://archive.org/details/rosettaproject_gkp_ortho-1
755	NA
756	https://archive.org/details/rosettaproject_kri_ortho-1
757	https://archive.org/details/rosettaproject_ted_ortho-1
758	https://archive.org/details/rosettaproject_kuj_ortho-1
759	https://archive.org/details/rosettaproject_kus_ortho-1
760	NA
761	NA
762	https://archive.org/details/rosettaproject_led_ortho-1
763	NA
764	https://archive.org/details/rosettaproject_lok_ortho-1
765	https://archive.org/details/rosettaproject_lig_ortho-1
766	NA
767	https://archive.org/details/rosettaproject_lmp_ortho-1
768	https://archive.org/details/rosettaproject_lin_ortho-1
769	https://archive.org/details/rosettaproject_dop_ortho-1
770	https://archive.org/details/rosettaproject_lug_ortho-1
771	https://archive.org/details/rosettaproject_lgg_ortho-1
772	NA
773	https://archive.org/details/rosettaproject_mcu_ortho-1
774	https://archive.org/details/rosettaproject_mzk_ortho-1
775	https://archive.org/details/rosettaproject_maw_ortho-1
776	NA
777	NA
778	https://archive.org/details/rosettaproject_mdj_ortho-1
779	NA
780	NA
781	https://archive.org/details/rosettaproject_mfn_ortho-1
782	NA
783	https://archive.org/details/rosettaproject_mcp_ortho-1
784	NA
785	https://archive.org/details/rosettaproject_mgo_ortho-1
786	https://archive.org/details/rosettaproject_myk_ortho-1
787	https://archive.org/details/rosettaproject_mzw_ortho-1
788	NA
789	NA
790	https://archive.org/details/rosettaproject_moa_ortho-1
791	https://archive.org/details/rosettaproject_mnf_ortho-1
792	NA
793	https://archive.org/details/rosettaproject_mur_ortho-1
794	https://archive.org/details/rosettaproject_sur_ortho-1
795	https://archive.org/details/rosettaproject_nfr_ortho-1
796	https://archive.org/details/rosettaproject_nmz_ortho-1
797	NA
798	NA
799	NA
800	https://archive.org/details/rosettaproject_nga_ortho-1
801	https://archive.org/details/rosettaproject_ngb_ortho-1
802	https://archive.org/details/rosettaproject_nnh_ortho-1
803	https://archive.org/details/rosettaproject_nwb_ortho-1
804	https://archive.org/details/rosettaproject_lns_ortho-1
805	NA
806	NA
807	https://archive.org/details/rosettaproject_mhi_ortho-1
808	https://archive.org/details/rosettaproject_pbi_ortho-1
809	https://archive.org/details/rosettaproject_fuc_ortho-1
810	NA
811	https://archive.org/details/rosettaproject_rel_ortho-1
812	https://archive.org/details/rosettaproject_spy_ortho-1
813	https://archive.org/details/rosettaproject_sag_ortho-1
814	NA
815	NA
816	NA
817	https://archive.org/details/rosettaproject_sld_ortho-1
818	NA
819	NA
820	https://archive.org/details/rosettaproject_snk_ortho-1
821	https://archive.org/details/rosettaproject_snk_ortho-2
822	NA
823	https://archive.org/details/rosettaproject_swh_ortho-1
824	https://archive.org/details/rosettaproject_ttq_ortho-1
825	NA
826	https://archive.org/details/rosettaproject_yer_ortho-1
827	NA
828	https://archive.org/details/rosettaproject_tuq_ortho-1
829	https://archive.org/details/rosettaproject_kdh_ortho-1
830	NA
831	https://archive.org/details/rosettaproject_tem_ortho-1
832	https://archive.org/details/rosettaproject_tik_ortho-1
833	https://archive.org/details/rosettaproject_toq_ortho-1
834	NA
835	https://archive.org/details/rosettaproject_tsp_ortho-1
836	https://archive.org/details/rosettaproject_vag_ortho-1
837	https://archive.org/details/rosettaproject_vut_ortho-1
838	https://archive.org/details/rosettaproject_wwa_ortho-1
839	https://archive.org/details/rosettaproject_wan_ortho-1
840	NA
841	https://archive.org/details/rosettaproject_wol_ortho-1
842	https://archive.org/details/rosettaproject_yam_ortho-1
843	https://archive.org/details/rosettaproject_yat_ortho-1
844	NA
845	https://archive.org/details/rosettaproject_ybb_ortho-1
846	NA
847	https://archive.org/details/rosettaproject_yor_ortho-1
848	https://archive.org/details/rosettaproject_yor_ortho-3
849	https://archive.org/details/rosettaproject_zne_ortho-1
850	NA
851	NA
852	NA
853	NA
854	NA
855	NA
856	NA
857	NA
858	NA
859	NA
860	NA
861	NA
862	NA
863	NA
864	NA
865	NA
866	NA
867	NA
868	NA
869	NA
870	NA
871	NA
872	NA
873	NA
874	NA
875	NA
876	NA
877	NA
878	NA
879	NA
880	NA
881	NA
882	NA
883	NA
884	NA
885	NA
886	NA
887	NA
888	NA
889	NA
890	NA
891	NA
892	NA
893	NA
894	NA
895	NA
896	NA
897	NA
898	NA
899	NA
900	NA
901	NA
902	NA
903	NA
904	NA
905	NA
906	NA
907	NA
908	NA
909	NA
910	NA
911	NA
912	NA
913	NA
914	NA
915	NA
916	NA
917	NA
918	NA
919	NA
920	NA
921	NA
922	NA
923	NA
924	NA
925	NA
926	NA
927	NA
928	NA
929	NA
930	NA
931	NA
932	NA
933	NA
934	NA
935	NA
936	NA
937	NA
938	NA
939	NA
940	NA
941	NA
942	NA
943	NA
944	NA
945	NA
946	NA
947	NA
948	NA
949	NA
950	NA
951	NA
952	NA
953	NA
954	NA
955	NA
956	NA
957	NA
958	NA
959	NA
960	NA
961	NA
962	NA
963	NA
964	NA
965	NA
966	NA
967	NA
968	NA
969	NA
970	NA
971	NA
972	NA
973	NA
974	NA
975	NA
976	NA
977	NA
978	NA
979	NA
980	NA
981	NA
982	NA
983	NA
984	NA
985	NA
986	NA
987	NA
988	NA
989	NA
990	NA
991	NA
992	NA
993	NA
994	NA
995	NA
996	NA
997	NA
998	NA
999	NA
1000	NA
1001	NA
1002	NA
1003	NA
1004	NA
1005	NA
1006	NA
1007	NA
1008	NA
1009	NA
1010	NA
1011	NA
1012	NA
1013	NA
1014	NA
1015	NA
1016	NA
1017	NA
1018	NA
1019	NA
1020	NA
1021	NA
1022	NA
1023	NA
1024	NA
1025	NA
1026	NA
1027	NA
1028	NA
1029	NA
1030	NA
1031	NA
1032	NA
1033	NA
1034	NA
1035	NA
1036	NA
1037	NA
1038	NA
1039	NA
1040	NA
1041	NA
1042	NA
1043	NA
1044	NA
1045	NA
1046	NA
1047	NA
1048	NA
1049	NA
1050	NA
1051	NA
1052	NA
1053	NA
1054	NA
1055	NA
1056	NA
1057	NA
1058	NA
1059	NA
1060	NA
1061	NA
1062	NA
1063	NA
1064	NA
1065	NA
1066	NA
1067	NA
1068	NA
1069	NA
1070	NA
1071	NA
1072	NA
1073	NA
1074	NA
1075	NA
1076	NA
1077	NA
1078	NA
1079	NA
1080	NA
1081	NA
1082	NA
1083	NA
1084	NA
1085	NA
1086	NA
1087	NA
1088	NA
1089	NA
1090	NA
1091	NA
1092	NA
1093	NA
1094	NA
1095	NA
1096	NA
1097	NA
1098	NA
1099	NA
1100	NA
1101	NA
1102	NA
1103	NA
1104	NA
1105	NA
1106	NA
1107	NA
1108	NA
1109	NA
1110	NA
1111	NA
1112	NA
1113	NA
1114	NA
1115	NA
1116	NA
1117	NA
1118	NA
1119	NA
1120	NA
1121	NA
1122	NA
1123	NA
1124	NA
1125	NA
1126	NA
1127	NA
1128	NA
1129	NA
1130	NA
1131	NA
1132	NA
1133	NA
1134	NA
1135	NA
1136	NA
1137	NA
1138	NA
1139	NA
1140	NA
1141	NA
1142	NA
1143	NA
1144	NA
1145	NA
1146	NA
1147	NA
1148	NA
1149	NA
1150	NA
1151	NA
1152	NA
1153	NA
1154	NA
1155	NA
1156	NA
1157	NA
1158	NA
1159	NA
1160	NA
1161	NA
1162	NA
1163	NA
1164	NA
1165	NA
1166	NA
1167	NA
1168	NA
1169	NA
1170	NA
1171	NA
1172	NA
1173	NA
1174	NA
1175	NA
1176	NA
1177	NA
1178	NA
1179	NA
1180	NA
1181	NA
1182	NA
1183	NA
1184	NA
1185	NA
1186	NA
1187	NA
1188	NA
1189	NA
1190	NA
1191	NA
1192	NA
1193	NA
1194	NA
1195	NA
1196	NA
1197	NA
1198	NA
1199	NA
1200	NA
1201	NA
1202	NA
1203	NA
1204	NA
1205	NA
1206	NA
1207	NA
1208	NA
1209	NA
1210	NA
1211	NA
1212	NA
1213	NA
1214	NA
1215	NA
1216	NA
1217	NA
1218	NA
1219	NA
1220	NA
1221	NA
1222	NA
1223	NA
1224	NA
1225	NA
1226	NA
1227	NA
1228	NA
1229	NA
1230	NA
1231	NA
1232	NA
1233	NA
1234	NA
1235	NA
1236	NA
1237	NA
1238	NA
1239	NA
1240	NA
1241	NA
1242	NA
1243	NA
1244	NA
1245	NA
1246	NA
1247	NA
1248	NA
1249	NA
1250	NA
1251	NA
1252	NA
1253	NA
1254	NA
1255	NA
1256	NA
1257	NA
1258	NA
1259	NA
1260	NA
1261	NA
1262	NA
1263	NA
1264	NA
1265	NA
1266	NA
1267	NA
1268	NA
1269	NA
1270	NA
1271	NA
1272	NA
1273	NA
1274	NA
1275	NA
1276	NA
1277	NA
1278	NA
1279	NA
1280	NA
1281	NA
1282	NA
1283	NA
1284	NA
1285	NA
1286	NA
1287	NA
1288	NA
1289	NA
1290	NA
1291	NA
1292	NA
1293	NA
1294	NA
1295	NA
1296	NA
1297	NA
1298	NA
1299	NA
1300	NA
1301	NA
1302	NA
1303	NA
1304	NA
1305	NA
1306	NA
1307	NA
1308	NA
1309	NA
1310	NA
1311	NA
1312	NA
1313	NA
1314	NA
1315	NA
1316	NA
1317	NA
1318	NA
1319	NA
1320	NA
1321	NA
1322	NA
1323	NA
1324	NA
1325	NA
1326	NA
1327	NA
1328	NA
1329	NA
1330	NA
1331	NA
1332	NA
1333	NA
1334	NA
1335	NA
1336	NA
1337	NA
1338	NA
1339	NA
1340	NA
1341	NA
1342	NA
1343	NA
1344	NA
1345	NA
1346	NA
1347	NA
1348	NA
1349	NA
1350	NA
1351	NA
1352	NA
1353	NA
1354	NA
1355	NA
1356	NA
1357	NA
1358	NA
1359	NA
1360	NA
1361	NA
1362	NA
1363	NA
1364	NA
1365	NA
1366	NA
1367	NA
1368	NA
1369	NA
1370	NA
1371	NA
1372	NA
1373	NA
1374	NA
1375	NA
1376	NA
1377	NA
1378	NA
1379	NA
1380	NA
1381	NA
1382	NA
1383	NA
1384	NA
1385	NA
1386	NA
1387	NA
1388	NA
1389	NA
1390	NA
1391	NA
1392	NA
1393	NA
1394	NA
1395	NA
1396	NA
1397	NA
1398	NA
1399	NA
1400	NA
1401	NA
1402	NA
1403	NA
1404	NA
1405	NA
1406	NA
1407	NA
1408	NA
1409	NA
1410	NA
1411	NA
1412	NA
1413	NA
1414	NA
1415	NA
1416	NA
1417	NA
1418	NA
1419	NA
1420	NA
1421	NA
1422	NA
1423	NA
1424	NA
1425	NA
1426	NA
1427	NA
1428	NA
1429	NA
1430	NA
1431	NA
1432	NA
1433	NA
1434	NA
1435	NA
1436	NA
1437	NA
1438	NA
1439	NA
1440	NA
1441	NA
1442	NA
1443	NA
1444	NA
1445	NA
1446	NA
1447	NA
1448	NA
1449	NA
1450	NA
1451	NA
1452	NA
1453	NA
1454	NA
1455	NA
1456	NA
1457	NA
1458	NA
1459	NA
1460	NA
1461	NA
1462	NA
1463	NA
1464	NA
1465	NA
1466	NA
1467	NA
1468	NA
1469	NA
1470	NA
1471	NA
1472	NA
1473	NA
1474	NA
1475	NA
1476	NA
1477	NA
1478	NA
1479	NA
1480	NA
1481	NA
1482	NA
1483	NA
1484	NA
1485	NA
1486	NA
1487	NA
1488	NA
1489	NA
1490	NA
1491	NA
1492	NA
1493	NA
1494	NA
1495	NA
1496	NA
1497	NA
1498	NA
1499	NA
1500	NA
1501	NA
1502	NA
1503	NA
1504	NA
1505	NA
1506	NA
1507	NA
1508	NA
1509	NA
1510	NA
1511	NA
1512	NA
1513	NA
1514	NA
1515	NA
1516	NA
1517	NA
1518	NA
1519	NA
1520	NA
1521	NA
1522	NA
1523	NA
1524	NA
1525	NA
1526	NA
1527	NA
1528	NA
1529	NA
1530	NA
1531	NA
1532	NA
1533	NA
1534	NA
1535	NA
1536	NA
1537	NA
1538	NA
1539	NA
1540	NA
1541	NA
1542	NA
1543	NA
1544	NA
1545	NA
1546	NA
1547	NA
1548	NA
1549	NA
1550	NA
1551	NA
1552	NA
1553	NA
1554	NA
1555	NA
1556	NA
1557	NA
1558	NA
1559	NA
1560	NA
1561	NA
1562	NA
1563	NA
1564	NA
1565	NA
1566	NA
1567	NA
1568	NA
1569	NA
1570	NA
1571	NA
1572	NA
1573	NA
1574	NA
1575	NA
1576	NA
1577	NA
1578	NA
1579	NA
1580	NA
1581	NA
1582	NA
1583	NA
1584	NA
1585	NA
1586	NA
1587	NA
1588	NA
1589	NA
1590	NA
1591	NA
1592	NA
1593	NA
1594	NA
1595	NA
1596	NA
1597	NA
1598	NA
1599	NA
1600	NA
1601	NA
1602	NA
1603	NA
1604	NA
1605	NA
1606	NA
1607	NA
1608	NA
1609	NA
1610	NA
1611	NA
1612	NA
1613	NA
1614	NA
1615	NA
1616	NA
1617	NA
1618	NA
1619	NA
1620	NA
1621	NA
1622	NA
1623	NA
1624	NA
1625	NA
1626	NA
1627	NA
1628	NA
1629	NA
1630	NA
1631	NA
1632	NA
1633	NA
1634	NA
1635	NA
1636	NA
1637	NA
1638	NA
1639	NA
1640	NA
1641	NA
1642	NA
1643	NA
1644	NA
1645	NA
1646	NA
1647	NA
1648	NA
1649	NA
1650	NA
1651	NA
1652	NA
1653	NA
1654	NA
1655	NA
1656	NA
1657	NA
1658	NA
1659	NA
1660	NA
1661	NA
1662	NA
1663	NA
1664	NA
1665	NA
1666	NA
1667	NA
1668	NA
1669	NA
1670	NA
1671	NA
1672	NA
1673	NA
1674	NA
1675	NA
1676	NA
1677	NA
1678	NA
1679	NA
1680	NA
1681	NA
1682	NA
1683	NA
1684	NA
1685	NA
1686	NA
1687	NA
1688	NA
1689	NA
1690	NA
1691	NA
1692	NA
1693	NA
1694	NA
1695	NA
1696	NA
1697	NA
1698	NA
1699	NA
1700	NA
1701	NA
1702	NA
1703	NA
1704	NA
1705	NA
1706	NA
1707	NA
1708	NA
1709	NA
1710	NA
1711	NA
1712	NA
1713	NA
1714	NA
1715	NA
1716	NA
1717	NA
1718	NA
1719	NA
1720	NA
1721	NA
1722	NA
1723	NA
1724	NA
1725	NA
1726	NA
1727	NA
1728	NA
1729	NA
1730	NA
1731	NA
1732	NA
1733	NA
1734	NA
1735	NA
1736	NA
1737	NA
1738	NA
1739	NA
1740	NA
1741	NA
1742	NA
1743	NA
1744	NA
1745	NA
1746	NA
1747	NA
1748	NA
1749	NA
1750	NA
1751	NA
1752	NA
1753	NA
1754	NA
1755	NA
1756	NA
1757	NA
1758	NA
1759	NA
1760	NA
1761	NA
1762	NA
1763	NA
1764	NA
1765	NA
1766	NA
1767	NA
1768	NA
1769	NA
1770	NA
1771	NA
1772	NA
1773	NA
1774	NA
1775	NA
1776	NA
1777	NA
1778	NA
1779	NA
1780	NA
1781	NA
1782	NA
1783	NA
1784	NA
1785	NA
1786	NA
1787	NA
1788	NA
1789	NA
1790	NA
1791	NA
1792	NA
1793	NA
1794	NA
1795	NA
1796	NA
1797	NA
1798	NA
1799	NA
1800	NA
1801	NA
1802	NA
1803	NA
1804	NA
1805	NA
1806	NA
1807	NA
1808	NA
1809	NA
1810	NA
1811	NA
1812	NA
1813	NA
1814	NA
1815	NA
1816	NA
1817	NA
1818	NA
1819	NA
1820	NA
1821	NA
1822	NA
1823	NA
1824	NA
1825	NA
1826	NA
1827	NA
1828	NA
1829	NA
1830	NA
1831	NA
1832	NA
1833	NA
1834	NA
1835	NA
1836	NA
1837	NA
1838	NA
1839	NA
1840	NA
1841	NA
1842	NA
1843	NA
1844	NA
1845	NA
1846	NA
1847	NA
1848	NA
1849	NA
1850	NA
1851	NA
1852	NA
1853	NA
1854	NA
1855	NA
1856	NA
1857	NA
1858	NA
1859	NA
1860	NA
1861	NA
1862	NA
1863	NA
1864	NA
1865	NA
1866	NA
1867	NA
1868	NA
1869	NA
1870	NA
1871	NA
1872	NA
1873	NA
1874	NA
1875	NA
1876	NA
1877	NA
1878	NA
1879	NA
1880	NA
1881	NA
1882	NA
1883	NA
1884	NA
1885	NA
1886	NA
1887	NA
1888	NA
1889	NA
1890	NA
1891	NA
1892	NA
1893	NA
1894	NA
1895	NA
1896	NA
1897	NA
1898	NA
1899	NA
1900	NA
1901	NA
1902	NA
1903	NA
1904	NA
1905	NA
1906	NA
1907	NA
1908	NA
1909	NA
1910	NA
1911	NA
1912	NA
1913	NA
1914	NA
1915	NA
1916	NA
1917	NA
1918	NA
1919	NA
1920	NA
1921	NA
1922	NA
1923	NA
1924	NA
1925	NA
1926	NA
1927	NA
1928	NA
1929	NA
1930	NA
1931	NA
1932	NA
1933	NA
1934	NA
1935	NA
1936	NA
1937	NA
1938	NA
1939	NA
1940	NA
1941	NA
1942	NA
1943	NA
1944	NA
1945	NA
1946	NA
1947	NA
1948	NA
1949	NA
1950	NA
1951	NA
1952	NA
1953	NA
1954	NA
1955	NA
1956	NA
1957	NA
1958	NA
1959	NA
1960	NA
1961	NA
1962	NA
1963	NA
1964	NA
1965	NA
1966	NA
1967	NA
1968	NA
1969	NA
1970	NA
1971	NA
1972	NA
1973	NA
1974	NA
1975	NA
1976	NA
1977	NA
1978	NA
1979	NA
1980	NA
1981	NA
1982	NA
1983	NA
1984	NA
1985	NA
1986	NA
1987	NA
1988	NA
1989	NA
1990	NA
1991	NA
1992	NA
1993	NA
1994	NA
1995	NA
1996	NA
1997	NA
1998	NA
1999	NA
2000	NA
2001	NA
2002	NA
2003	NA
2004	NA
2005	NA
2006	NA
2007	NA
2008	NA
2009	NA
2010	NA
2011	NA
2012	NA
2013	NA
2014	NA
2015	NA
2016	NA
2017	NA
2018	NA
2019	NA
2020	NA
2021	NA
2022	NA
2023	NA
2024	NA
2025	NA
2026	NA
2027	NA
2028	NA
2029	NA
2030	NA
2031	NA
2032	NA
2033	NA
2034	NA
2035	NA
2036	NA
2037	NA
2038	NA
2039	NA
2040	NA
2041	NA
2042	NA
2043	NA
2044	NA
2045	NA
2046	NA
2047	NA
2048	NA
2049	NA
2050	NA
2051	NA
2052	NA
2053	NA
2054	NA
2055	NA
2056	NA
2057	NA
2058	NA
2059	NA
2060	NA
2061	NA
2062	NA
2063	NA
2064	NA
2065	NA
2066	NA
2067	NA
2068	NA
2069	NA
2070	NA
2071	NA
2072	NA
2073	NA
2074	NA
2075	NA
2076	NA
2077	NA
2078	NA
2079	NA
2080	NA
2081	NA
2082	NA
2083	NA
2084	NA
2085	NA
2086	NA
2087	NA
2088	NA
2089	NA
2090	NA
2091	NA
2092	NA
2093	NA
2094	NA
2095	NA
2096	NA
2097	NA
2098	NA
2099	NA
2100	NA
2101	NA
2102	NA
2103	NA
2104	NA
2105	NA
2106	NA
2107	NA
2108	NA
2109	NA
2110	NA
2111	NA
2112	NA
2113	NA
2114	NA
2115	NA
2116	NA
2117	NA
2118	NA
2119	NA
2120	NA
2121	NA
2122	NA
2123	NA
2124	NA
2125	NA
2126	NA
2127	NA
2128	NA
2129	NA
2130	NA
2131	NA
2132	NA
2133	NA
2134	NA
2135	NA
2136	NA
2137	NA
2138	NA
2139	NA
2140	NA
2141	NA
2142	NA
2143	NA
2144	NA
2145	NA
2146	NA
2147	NA
2148	NA
2149	NA
2150	NA
2151	NA
2152	NA
2153	NA
2154	NA
2155	NA
