InventoryID	Squib
1	kor_SPA1979_phon.pdf
2	ket_SPA1979_phon.pdf
3	lbe_SPA1979_phon.pdf
4	kbd_SPA1979_phon.pdf
5	kat_SPA1979_phon.pdf
6	bsk_SPA1979_phon.pdf
7	kru_SPA1979_phon.pdf
8	tel_SPA1979_phon.pdf
9	kfe_SPA1979_phon.pdf
10	unr_SPA1979_phon.pdf
11	khr_SPA1979_phon.pdf
12	kha_SPA1979_phon.pdf
13	sed_SPA1979_phon.pdf
14	khm_SPA1979_phon.pdf
15	vie_SPA1979_phon.pdf
16	cmn_SPA1979_phon.pdf
17	wuu_SPA1979_phon.pdf
18	hak_SPA1979_phon.pdf
19	yue_SPA1979_phon.pdf
20	ium_SPA1979_phon.pdf
21	dap_SPA1979_phon.pdf
22	mya_SPA1979_phon.pdf
23	lhu_SPA1979_phon.pdf
24	grt_SPA1979_phon.pdf
25	ksw_SPA1979_phon.pdf
26	lbc_SPA1979_phon.pdf
27	tha_SPA1979_phon.pdf
28	pcc_SPA1979_phon.pdf
29	cja_SPA1979_phon.pdf
30	tay_SPA1979_phon.pdf
31	plt_SPA1979_phon.pdf
32	zsm_SPA1979_phon.pdf
33	btx_SPA1979_phon.pdf
34	snv_SPA1979_phon.pdf
35	sun_SPA1979_phon.pdf
36	jav_SPA1979_phon.pdf
37	tgl_SPA1979_phon.pdf
38	cha_SPA1979_phon.pdf
39	iai_SPA1979_phon.pdf
40	khl_SPA1979_phon.pdf
41	azr_SPA1979_phon.pdf
42	mri_SPA1979_phon.pdf
43	haw_SPA1979_phon.pdf
44	ant_SPA1979_phon.pdf
45	nna_SPA1979_phon.pdf
46	kjn_SPA1979_phon.pdf
47	zmr_SPA1979_phon.pdf
48	mph_SPA1979_phon.pdf
49	nuy_SPA1979_phon.pdf
50	alh_SPA1979_phon.pdf
51	wim_SPA1979_phon.pdf
52	set_SPA1979_phon.pdf
53	kmo_SPA1979_phon.pdf
54	tml_SPA1979_phon.pdf
55	tlf_SPA1979_phon.pdf
56	gaj_SPA1979_phon.pdf
57	auy_SPA1979_phon.pdf
58	kup_SPA1979_phon.pdf
59	spl_SPA1979_phon.pdf
60	nas_SPA1979_phon.pdf
61	ale_SPA1979_phon.pdf
62	kal_SPA1979_phon.pdf
63	chp_SPA1979_phon.pdf
64	tol_SPA1979_phon.pdf
65	hup_SPA1979_phon.pdf
66	nav_SPA1979_phon.pdf
67	hdn_SPA1979_phon.pdf
68	squ_SPA1979_phon.pdf
69	str_SPA1979_phon.pdf
70	noo_SPA1979_phon.pdf
71	kwk_SPA1979_phon.pdf
72	ojg_SPA1979_phon.pdf
73	unm_SPA1979_phon.pdf
74	wic_SPA1979_phon.pdf
75	lkt_SPA1979_phon.pdf
76	see_SPA1979_phon.pdf
77	one_SPA1979_phon.pdf
78	yuc_SPA1979_phon.pdf
79	akz_SPA1979_phon.pdf
80	tun_SPA1979_phon.pdf
81	nez_SPA1979_phon.pdf
82	nmu_SPA1979_phon.pdf
83	zoc_SPA1979_phon.pdf
84	top_SPA1979_phon.pdf
85	chf_SPA1979_phon.pdf
86	tzh_SPA1979_phon.pdf
87	tsz_SPA1979_phon.pdf
88	kyh_SPA1979_phon.pdf
89	pom_SPA1979_phon.pdf
90	dih_SPA1979_phon.pdf
91	zun_SPA1979_phon.pdf
92	tix_SPA1979_phon.pdf
93	tew_SPA1979_phon.pdf
94	lui_SPA1979_phon.pdf
95	hop_SPA1979_phon.pdf
96	ood_SPA1979_phon.pdf
97	ote_SPA1979_phon.pdf
98	maz_SPA1979_phon.pdf
99	maq_SPA1979_phon.pdf
100	mig_SPA1979_phon.pdf
101	cbi_SPA1979_phon.pdf
102	pbb_SPA1979_phon.pdf
103	ito_SPA1979_phon.pdf
104	quh_SPA1979_phon.pdf
105	ayr_SPA1979_phon.pdf
106	arn_SPA1979_phon.pdf
107	crb_SPA1979_phon.pdf
108	wap_SPA1979_phon.pdf
109	guc_SPA1979_phon.pdf
110	cni_SPA1979_phon.pdf
111	ign_SPA1979_phon.pdf
112	ame_SPA1979_phon.pdf
113	jiv_SPA1979_phon.pdf
114	bao_SPA1979_phon.pdf
115	tca_SPA1979_phon.pdf
116	car_SPA1979_phon.pdf
117	oca_SPA1979_phon.pdf
118	srq_SPA1979_phon.pdf
119	gug_SPA1979_phon.pdf
120	amc_SPA1979_phon.pdf
121	cao_SPA1979_phon.pdf
122	apn_SPA1979_phon.pdf
123	rif_SPA1979_phon.pdf
124	hau_SPA1979_phon.pdf
125	anc_SPA1979_phon.pdf
126	mrt_SPA1979_phon.pdf
127	som_SPA1979_phon.pdf
128	awn_SPA1979_phon.pdf
129	irk_SPA1979_phon.pdf
130	tig_SPA1979_phon.pdf
131	amh_SPA1979_phon.pdf
132	arz_SPA1979_phon.pdf
133	ary_SPA1979_phon.pdf
134	mlt_SPA1979_phon.pdf
135	heb_SPA1979_phon.pdf
136	xtc_SPA1979_phon.pdf
137	xpe_SPA1979_phon.pdf
138	wol_SPA1979_phon.pdf
139	dag_SPA1979_phon.pdf
140	aka_SPA1979_phon.pdf
141	gaa_SPA1979_phon.pdf
142	ewe_SPA1979_phon.pdf
143	ibo_SPA1979_phon.pdf
144	beq_SPA1979_phon.pdf
145	swh_SPA1979_phon.pdf
146	lue_SPA1979_phon.pdf
147	zul_SPA1979_phon.pdf
148	gbp_SPA1979_phon.pdf
149	ses_SPA1979_phon.pdf
150	knc_SPA1979_phon.pdf
151	lgg-SPA1979_phon.pdf
152	fia_SPA1979_phon.pdf
153	luo_SPA1979_phon.pdf
154	mas_SPA1979_phon.pdf
155	naq_SPA1979_phon.pdf
156	gle_SPA1979_phon.pdf
157	bre_SPA1979_phon.pdf
158	isl_SPA1979_phon.pdf
159	nob_SPA1979_phon.pdf
160	eng_SPA1979_phon.pdf
161	deu_SPA1979_phon.pdf
162	fra_SPA1979_phon.pdf
163	por_SPA1979_phon.pdf
164	spa_SPA1979_phon.pdf
165	ron_SPA1979_phon.pdf
166	rus_SPA1979_phon.pdf
167	bul_SPA1979_phon.pdf
168	lit_SPA1979_phon.pdf
169	sqi_SPA1979_phon.pdf
170	ell_SPA1979_phon.pdf
171	hye_SPA1979_phon.pdf
172	pes_SPA1979_phon.pdf
173	pst_SPA1979_phon.pdf
174	kas_SPA1979_phon.pdf
175	pan_SPA1979_phon.pdf
176	hin_SPA1979_phon.pdf
177	ben_SPA1979_phon.pdf
178	sin_SPA1979_phon.pdf
179	eus_SPA1979_phon.pdf
180	fin_SPA1979_phon.pdf
181	mhr_SPA1979_phon.pdf
182	kpv_SPA1979_phon.pdf
183	hun_SPA1979_phon.pdf
184	kca_SPA1979_phon.pdf
185	yrk_SPA1979_phon.pdf
186	tur_SPA1979_phon.pdf
187	aze_SPA1979_phon.pdf
188	kir_SPA1979_phon.pdf
189	chv_SPA1979_phon.pdf
190	sah_SPA1979_phon.pdf
191	khk_SPA1979_phon.pdf
192	eve_SPA1979_phon.pdf
193	ykg_SPA1979_phon.pdf
194	niv_SPA1979_phon.pdf
195	ckt_SPA1979_phon.pdf
196	ain_SPA1979_phon.pdf
197	jpn_SPA1979_phon.pdf
198	NA
199	acv_UPSID1984_phon.pdf
200	NA
201	aer_UPSID1984_phon.pdf
202	NA
203	NA
204	NA
205	NA
206	NA
207	ain_UPSID1984_phon.pdf
208	aka_UPSID1984_phon.pdf
209	NA
210	akz_UPSID1984_phon.pdf
211	NA
212	NA
213	ale_UPSID1984_phon.pdf
214	alh_UPSID1984_phon.pdf
215	NA
216	amc_UPSID1984_phon.pdf
217	ame_UPSID1984_phon.pdf
218	amf_UPSID1984_phon.pdf
219	amh_UPSID1984_phon.pdf
220	amo_UPSID1984_phon.pdf
221	NA
222	NA
223	anc_UPSID1984_phon.pdf
224	NA
225	ant_UPSID1984_phon.pdf
226	apn_UPSID1984_phon.pdf
227	NA
228	NA
229	arl_UPSID1984_phon.pdf
230	arn_UPSID1984_phon.pdf
231	NA
232	auc_UPSID1984_phon.pdf
233	NA
234	awn_UPSID1984_phon.pdf
235	axb_UPSID1984_phon.pdf
236	NA
237	bak_UPSID1984_phon.pdf
238	bam_UPSID1984_phon.pdf
239	bao_UPSID1984_phon.pdf
240	bba_UPSID1984_phon.pdf
241	NA
242	NA
243	NA
244	NA
245	bcj_UPSID1984_phon.pdf
246	NA
247	NA
248	bdy_UPSID1984_phon.pdf
249	bej_UPSID1984_phon.pdf
250	ben_UPSID1984_phon.pdf
251	beq_UPSID1984_phon.pdf
252	NA
253	bib_UPSID1984_phon.pdf
254	NA
255	NA
256	bmr_UPSID1984_phon.pdf
257	bom_UPSID1984_phon.pdf
258	NA
259	NA
260	bre_UPSID1984_phon.pdf
261	brh_UPSID1984_phon.pdf
262	NA
263	brx_UPSID1984_phon.pdf
264	bsk_UPSID1984_phon.pdf
265	bul_UPSID1984_phon.pdf
266	bvr_UPSID1984_phon.pdf
267	NA
268	bzd_UPSID1984_phon.pdf
269	NA
270	cag_UPSID1984_phon.pdf
271	NA
272	car_UPSID1984_phon.pdf
273	cbi_UPSID1984_phon.pdf
274	NA
275	NA
276	cdo_UPSID1984_phon.pdf
277	cha_UPSID1984_phon.pdf
278	chp_UPSID1984_phon.pdf
279	NA
280	NA
281	chv_UPSID1984_phon.pdf
282	cja_UPSID1984_phon.pdf
283	NA
284	cjv_UPSID1984_phon.pdf
285	ckt_UPSID1984_phon.pdf
286	cmn_UPSID1984_phon.pdf
287	NA
288	cni_UPSID1984_phon.pdf
289	con_UPSID1984_phon.pdf
290	NA
291	NA
292	crb_UPSID1984_phon.pdf
293	ctd_UPSID1984_phon.pdf
294	ctp_UPSID1984_phon.pdf
295	NA
296	NA
297	NA
298	daf_UPSID1984_phon.pdf
299	dag_UPSID1984_phon.pdf
300	NA
301	NA
302	dap_UPSID1984_phon.pdf
303	NA
304	deu_UPSID1984_phon.pdf
305	dif_UPSID1984_phon.pdf
306	dih_UPSID1984_phon.pdf
307	NA
308	dni_UPSID1984_phon.pdf
309	doc_UPSID1984_phon.pdf
310	dow_UPSID1984_phon.pdf
311	dru_UPSID1984_phon.pdf
312	NA
313	NA
314	NA
315	dyo_UPSID1984_phon.pdf
316	efi_UPSID1984_phon.pdf
317	NA
318	ell_UPSID1984_phon.pdf
319	NA
320	NA
321	NA
322	NA
323	ewe_UPSID1984_phon.pdf
324	NA
325	NA
326	faa_UPSID1984_phon.pdf
327	NA
328	NA
329	fin_UPSID1984_phon.pdf
330	NA
331	fra_UPSID1984_phon.pdf
332	NA
333	NA
334	fwa_UPSID1984_phon.pdf
335	gaa_UPSID1984_phon.pdf
336	gaj_UPSID1984_phon.pdf
337	NA
338	gbp_UPSID1984_phon.pdf
339	NA
340	NA
341	gld_UPSID1984_phon.pdf
342	gle_UPSID1984_phon.pdf
343	gmo_UPSID1984_phon.pdf
344	guc_UPSID1984_phon.pdf
345	gug_UPSID1984_phon.pdf
346	guh_UPSID1984_phon.pdf
347	NA
348	NA
349	gvn_UPSID1984_phon.pdf
350	hak_UPSID1984_phon.pdf
351	hau_UPSID1984_phon.pdf
352	NA
353	hdn_UPSID1984_phon.pdf
354	hin_UPSID1984_phon.pdf
355	NA
356	hop_UPSID1984_phon.pdf
357	NA
358	hun_UPSID1984_phon.pdf
359	hup_UPSID1984_phon.pdf
360	NA
361	NA
362	hye_UPSID1984_phon.pdf
363	iai_UPSID1984_phon.pdf
364	NA
365	ibo_UPSID1984_phon.pdf
366	ign_UPSID1984_phon.pdf
367	NA
368	ikx_UPSID1984_phon.pdf
369	NA
370	irk_UPSID1984_phon.pdf
371	NA
372	NA
373	NA
374	ito_UPSID1984_phon.pdf
375	ium_UPSID1984_phon.pdf
376	NA
377	iwm_UPSID1984_phon.pdf
378	NA
379	NA
380	jav_UPSID1984_phon.pdf
381	NA
382	NA
383	jiv_UPSID1984_phon.pdf
384	jpn_UPSID1984_phon.pdf
385	jqr_UPSID1984_phon.pdf
386	NA
387	kac_UPSID1984_phon.pdf
388	kal_UPSID1984_phon.pdf
389	NA
390	kat_UPSID1984_phon.pdf
391	kbd_UPSID1984_phon.pdf
392	NA
393	kbk_UPSID1984_phon.pdf
394	kbr_UPSID1984_phon.pdf
395	NA
396	kca_UPSID1984_phon.pdf
397	kek_UPSID1984_phon.pdf
398	NA
399	ket_UPSID1984_phon.pdf
400	kfe_UPSID1984_phon.pdf
401	NA
402	NA
403	kha_UPSID1984_phon.pdf
404	NA
405	khk_UPSID1984_phon.pdf
406	khl_UPSID1984_phon.pdf
407	khm_UPSID1984_phon.pdf
408	khr_UPSID1984_phon.pdf
409	NA
410	kir_UPSID1984_phon.pdf
411	NA
412	NA
413	kjq_UPSID1984_phon.pdf
414	kjs_UPSID1984_phon.pdf
415	kkw_UPSID1984_phon.pdf
416	kla_UPSID1984_phon.pdf
417	NA
418	kmo_UPSID1984_phon.pdf
419	NA
420	kna_UPSID1984_phon.pdf
421	NA
422	NA
423	kor_UPSID1984_phon.pdf
424	NA
425	NA
426	kpv_UPSID1984_phon.pdf
427	NA
428	kpz_UPSID1984_phon.pdf
429	kru_UPSID1984_phon.pdf
430	ksw_UPSID1984_phon.pdf
431	NA
432	ktz_UPSID1984_phon.pdf
433	kun_UPSID1984_phon.pdf
434	kup_UPSID1984_phon.pdf
435	NA
436	NA
437	kwk_UPSID1984_phon.pdf
438	kyh_UPSID1984_phon.pdf
439	lbc_UPSID1984_phon.pdf
440	NA
441	lef_UPSID1984_phon.pdf
442	lgg_UPSID1984_phon.pdf
443	lhu_UPSID1984_phon.pdf
444	lit_UPSID1984_phon.pdf
445	lkt_UPSID1984_phon.pdf
446	NA
447	lui_UPSID1984_phon.pdf
448	luo_UPSID1984_phon.pdf
449	NA
450	maq_UPSID1984_phon.pdf
451	mas_UPSID1984_phon.pdf
452	maz_UPSID1984_phon.pdf
453	NA
454	NA
455	NA
456	mde_UPSID1984_phon.pdf
457	mdx_UPSID1984_phon.pdf
458	NA
459	NA
460	NA
461	mig_UPSID1984_phon.pdf
462	NA
463	mnc_UPSID1984_phon.pdf
464	NA
465	mor_UPSID1984_phon.pdf
466	mpb_UPSID1984_phon.pdf
467	mph_UPSID1984_phon.pdf
468	mps_UPSID1984_phon.pdf
469	NA
470	mrt_UPSID1984_phon.pdf
471	NA
472	NA
473	NA
474	NA
475	mwp_UPSID1984_phon.pdf
476	mya_UPSID1984_phon.pdf
477	myp_UPSID1984_phon.pdf
478	NA
479	NA
480	nab_UPSID1984_phon.pdf
481	nan_UPSID1984_phon.pdf
482	NA
483	nas_UPSID1984_phon.pdf
484	nav_UPSID1984_phon.pdf
485	NA
486	NA
487	NA
488	NA
489	NA
490	nez_UPSID1984_phon.pdf
491	ngi_UPSID1984_phon.pdf
492	NA
493	NA
494	NA
495	nir_UPSID1984_phon.pdf
496	niv_UPSID1984_phon.pdf
497	njo_UPSID1984_phon.pdf
498	nmu_UPSID1984_phon.pdf
499	NA
500	noo_UPSID1984_phon.pdf
501	nrb_UPSID1984_phon.pdf
502	nut_UPSID1984_phon.pdf
503	nuy_UPSID1984_phon.pdf
504	NA
505	nyp_UPSID1984_phon.pdf
506	oca_UPSID1984_phon.pdf
507	NA
508	ojg_UPSID1984_phon.pdf
509	ood_UPSID1984_phon.pdf
510	NA
511	NA
512	NA
513	pbb_UPSID1984_phon.pdf
514	NA
515	pcc_UPSID1984_phon.pdf
516	pes_UPSID1984_phon.pdf
517	plt_UPSID1984_phon.pdf
518	pom_UPSID1984_phon.pdf
519	NA
520	NA
521	pst_UPSID1984_phon.pdf
522	pwn_UPSID1984_phon.pdf
523	NA
524	quh_UPSID1984_phon.pdf
525	qui_UPSID1984_phon.pdf
526	NA
527	ron_UPSID1984_phon.pdf
528	roo_UPSID1984_phon.pdf
529	rro_UPSID1984_phon.pdf
530	rus_UPSID1984_phon.pdf
531	NA
532	NA
533	NA
534	sah_UPSID1984_phon.pdf
535	sed_UPSID1984_phon.pdf
536	see_UPSID1984_phon.pdf
537	sef_UPSID1984_phon.pdf
538	NA
539	ses_UPSID1984_phon.pdf
540	set_UPSID1984_phon.pdf
541	NA
542	shi_UPSID1984_phon.pdf
543	NA
544	sht_UPSID1984_phon.pdf
545	sin_UPSID1984_phon.pdf
546	NA
547	NA
548	NA
549	NA
550	snn_UPSID1984_phon.pdf
551	snv_UPSID1984_phon.pdf
552	som_UPSID1984_phon.pdf
553	spa_UPSID1984_phon.pdf
554	spl_UPSID1984_phon.pdf
555	sqt_UPSID1984_phon.pdf
556	srq_UPSID1984_phon.pdf
557	stc_UPSID1984_phon.pdf
558	sue_UPSID1984_phon.pdf
559	NA
560	swi_UPSID1984_phon.pdf
561	taj_UPSID1984_phon.pdf
562	tay_UPSID1984_phon.pdf
563	NA
564	tbi_UPSID1984_phon.pdf
565	tca_UPSID1984_phon.pdf
566	NA
567	teh_UPSID1984_phon.pdf
568	tel_UPSID1984_phon.pdf
569	tem_UPSID1984_phon.pdf
570	teq_UPSID1984_phon.pdf
571	NA
572	NA
573	tgl_UPSID1984_phon.pdf
574	tha_UPSID1984_phon.pdf
575	NA
576	tig_UPSID1984_phon.pdf
577	tiw_UPSID1984_phon.pdf
578	NA
579	tli_UPSID1984_phon.pdf
580	NA
581	tma_UPSID1984_phon.pdf
582	tml_UPSID1984_phon.pdf
583	tna_UPSID1984_phon.pdf
584	NA
585	top_UPSID1984_phon.pdf
586	tpm_UPSID1984_phon.pdf
587	NA
588	NA
589	tqo_UPSID1984_phon.pdf
590	tqw_UPSID1984_phon.pdf
591	NA
592	NA
593	tsu_UPSID1984_phon.pdf
594	tsz_UPSID1984_phon.pdf
595	NA
596	tun_UPSID1984_phon.pdf
597	tur_UPSID1984_phon.pdf
598	twf_UPSID1984_phon.pdf
599	tyv_UPSID1984_phon.pdf
600	tzh_UPSID1984_phon.pdf
601	NA
602	unr_UPSID1984_phon.pdf
603	NA
604	NA
605	vie_UPSID1984_phon.pdf
606	NA
607	wao_UPSID1984_phon.pdf
608	wap_UPSID1984_phon.pdf
609	NA
610	NA
611	wic_UPSID1984_phon.pdf
612	wim_UPSID1984_phon.pdf
613	wit_UPSID1984_phon.pdf
614	wiy_UPSID1984_phon.pdf
615	wnc_UPSID1984_phon.pdf
616	NA
617	NA
618	wol_UPSID1984_phon.pdf
619	NA
620	NA
621	wti_UPSID1984_phon.pdf
622	NA
623	NA
624	NA
625	NA
626	xpe_UPSID1984_phon.pdf
627	xtc_UPSID1984_phon1.pdf
628	NA
629	yaq_UPSID1984_phon.pdf
630	NA
631	yer_UPSID1984_phon.pdf
632	ygr_UPSID1984_phon.pdf
633	NA
634	ykg_UPSID1984_phon.pdf
635	ynn_UPSID1984_phon.pdf
636	NA
637	yrb_UPSID1984_phon.pdf
638	yrk_UPSID1984_phon.pdf
639	NA
640	NA
641	yuc_UPSID1984_phon.pdf
642	NA
643	yul_UPSID1984_phon.pdf
644	NA
645	zne_UPSID1984_phon.pdf
646	zoc_UPSID1984_phon.pdf
647	zul_UPSID1984_phon.pdf
648	zun_UPSID1984_phon.pdf
649	abi_Hartell1993_phon.pdf
650	adj_Hartell1993_phon.pdf
651	ajg_Hartell1993_phon1.pdf
652	ajg_Hartell1993_phon2.pdf
653	mtb_Hartell1993_phon.pdf
654	ahl_Hartell1993_phon.pdf
655	aka_Hartell1993_phon.pdf
656	bss_Hartell1993_phon.pdf
657	anc_Hartell1993_phon.pdf
658	cko_Hartell1993_phon.pdf
659	apd_Hartell1993_phon.pdf
660	avu_Hartell1993_phon.pdf
661	bav_Hartell1993_phon.pdf
662	bfd_Hartell1993_phon.pdf
663	bkc_Hartell1993_phon.pdf
664	bam_Hartell1993_phon.pdf
665	bfl_Hartell1993_phon1.pdf
666	bfl_Hartell1993_phon.pdf
667	bza_Hartell1993_phon.pdf
668	bci_Hartell1993_phon.pdf
669	bba_Hartell1993_phon.pdf
670	bas_Hartell1993_phon.pdf
671	bsq_Hartell1993_phon.pdf
672	bud_Hartell1993_phon.pdf
673	btg_Hartell1993_phon.pdf
674	bkv_Hartell1993_phon.pdf
675	bom_Hartell1993_phon.pdf
676	nhb_Hartell1993_phon.pdf
677	bhy_Hartell1993_phon.pdf
678	beh_Hartell1993_phon.pdf
679	bim_Hartell1993_phon.pdf
680	bib_Hartell1993_phon.pdf
681	bbo_Hartell1993_phon.pdf
682	bqp_Hartell1993_phon.pdf
683	bzx_Hartell1993_phon.pdf
684	bum_Hartell1993_phon.pdf
685	cme_Hartell1993_phon.pdf
686	ncu_Hartell1993_phon.pdf
687	dbq_Hartell1993_phon.pdf
688	dga_Hartell1993_phon.pdf
689	dgi_Hartell1993_phon.pdf
690	dag_Hartell1993_phon.pdf
691	daf_Hartell1993_phon.pdf
692	ada_Hartell1993_phon.pdf
693	dzg_Hartell1993_phon.pdf
694	luo_Hartell1993_phon.pdf
695	dic_Hartell1993_phon.pdf
696	dyu_Hartell1993_phon.pdf
697	tbz_Hartell1993_phon.pdf
698	dow_Hartell1993_phon.pdf
699	dts_Hartell1993_phon.pdf
700	dua_Hartell1993_phon.pdf
701	dug_Hartell1993_phon.pdf
702	igb_Hartell1993_phon.pdf
703	ewe_Hartell1993_phon.pdf
704	bin_Hartell1993_phon.pdf
705	izi_Hartell1993_phon2.pdf
706	etu_Hartell1993_phon.pdf
707	ema_Hartell1993_phon.pdf
708	enn_Hartell1993_phon.pdf
709	ewo_Hartell1993_phon.pdf
710	fmp_Hartell1993_phon.pdf
711	fon_Hartell1993_phon.pdf
712	fub_Hartell1993_phon.pdf
713	fuq_Hartell1993_phon.pdf
714	ffm_Hartell1993_phon.pdf
715	fuh_Hartell1993_phon.pdf
716	flr_Hartell1993_phon.pdf
717	gaa_Hartell1993_phon.pdf
718	gng_Hartell1993_phon.pdf
719	gya_Hartell1993_phon.pdf
720	gbp_Hartell1993_phon.pdf
721	gej_Hartell1993_phon1.pdf
722	gej_Hartell1993_phon2.pdf
723	god_Hartell1993_phon.pdf
724	gjn_Hartell1993_phon.pdf
725	gbo_Hartell1993_phon.pdf
726	gde_Hartell1993_phon.pdf
727	gux_Hartell1993_phon.pdf
728	hag_Hartell1993_phon.pdf
729	hau_Hartell1993_phon2.pdf
730	hau_Hartell1993_phon1.pdf
731	ife_Hartell1993_phon.pdf
732	ibo_Hartell1993_phon.pdf
733	ige_Hartell1993_phon.pdf
734	ijs_Hartell1993_phon.pdf
735	izi_Hartell1993_phon1.pdf
736	izi_Hartell1993_phon3.pdf
737	dyo_Hartell1993_phon.pdf
738	bex_Hartell1993_phon.pdf
739	kbp_Hartell1993_phon.pdf
740	kkj_Hartell1993_phon.pdf
741	bqx_Hartell1993_phon.pdf
742	knc_Hartell1993_phon.pdf
743	kza_Hartell1993_phon.pdf
744	kzr_Hartell1993_phon.pdf
745	xsm_Hartell1993_phon1.pdf
746	xsm_Hartell1993_phon2.pdf
747	ozm_Hartell1993_phon.pdf
748	kik_Hartell1993_phon.pdf
749	kqs_Hartell11993_phon.pdf
750	bkm_Hartell1993_phon.pdf
751	kmw_Hartell1993_phon.pdf
752	xon_Hartell1993_phon.pdf
753	xpe_Hartell1993_phon.pdf
754	gkp_Hartell1993_phon.pdf
755	krs_Hartell1993_phon.pdf
756	kri_Hartell1993_phon.pdf
757	ted_Hartell1993_phon.pdf
758	kuj_Hartell1993_phon.pdf
759	kus_Hartell1993_phon.pdf
760	las_Hartell1993_phon.pdf
761	lln_Hartell1993_phon.pdf
762	led_Hartell1993_phon.pdf
763	lom_Hartell1993_phon.pdf
764	lok_Hartell1993_phon.pdf
765	lig_Hartell1993_phon.pdf
766	lia_Hartell1993_phon.pdf
767	lmp_Hartell1993_phon.pdf
768	lin_Hartell_1993_phon.pdf
769	dop_Hartell1993_phon.pdf
770	lug_Hartell1993_phon.pdf
771	lgg_Hartell1993_phon.pdf
772	lee_Hartell1993_phon.pdf
773	mcu_Hartell1993_phon.pdf
774	mzk_Hartell1993_phon.pdf
775	maw_Hartell1993_phon.pdf
776	mlq_Hartell1993_phon.pdf
777	emk_Hartell1993_phon.pdf
778	mdj_Hartell1993_phon.pdf
779	mwk_Hartell1993_phon.pdf
780	muh_Hartell1993_phon.pdf
781	mfn_Hartell1993_phon.pdf
782	mbo_Hartell1993_phon.pdf
783	mcp_Hartell1993_phon.pdf
784	men_Hartell1993_phon.pdf
785	mgo_Hartell1993_phon.pdf
786	myk_Hartell1993_phon.pdf
787	mzw_Hartell1993_phon.pdf
788	mif_Hartell1993_phon.pdf
789	mos_Hartell1993_phon.pdf
790	moa_Hartell1993_phon.pdf
791	mnf_Hartell1993_phon.pdf
792	mkw_Hartell1993_phon.pdf
793	mur_Hartell1993_phon.pdf
794	sur_Hartell1993_phon.pdf
795	nfr_Hartell1993_phon.pdf
796	nmz_Hartell1993_phon.pdf
797	nuv_Hartell1993_phon.pdf
798	lem_Hartell1993_phon.pdf
799	sba_Hartell1993_phon.pdf
800	nga_Hartell1993_phon.pdf
801	ngb_Hartell1993_phon.pdf
802	nnh_Hartell1993_phon.pdf
803	nwb_Hartell1993_phon.pdf
804	lns_Hartell1993_phon.pdf
805	yas_Hartell1993_phon.pdf
806	nup_Hartell1993_phon.pdf
807	mhi_Hartell1993_phon.pdf
808	pbi_Hartell1993_phon.pdf
809	fuc_Hartell1993_phon.pdf
810	fuf_Hartell1993_phon.pdf
811	rel_Hartell1993_phon.pdf
812	spy_Hartell1993_phon.pdf
813	sag_Hartell1993_phon1.pdf
814	sag_Hartell1993_phon2.pdf
815	seq_Hartell1993_phon.pdf
816	srr_Hartell1993_phon.pdf
817	sil_Hartell1993_phon.pdf
818	sld_Hartell1993_phon.pdf
819	khq_Hartell1993_phon.pdf
820	snk_Hartell1993_phon1.pdf
821	snk_Hartell1993_phon2.pdf
822	sus_Hartell1993_phon.pdf
823	swh_Hartell1993_phon.pdf
824	ttq_Hartell1993_phon.pdf
825	taq_Hartell1993_phon.pdf
826	yer_Hartell1993_phon.pdf
827	lor_Hartell1993_phon.pdf
828	tuq_Hartell1993_phon.pdf
829	kdh_Hartell1993_phon.pdf
830	tfi_Hartell1993_phon.pdf
831	tem_Hartell1993_phon.pdf
832	tik_Hartell1993_phon.pdf
833	toq_Hartell1993_phon.pdf
834	neb_Hartell1993_phon.pdf
835	tsp_Hartell1993_phon.pdf
836	vag_Hartell1993_phon.pdf
837	vut_Hartell1993_phon.pdf
838	wwa_Hartell1993_phon.pdf
839	wan_Hartell1993_phon.pdf
840	wob_Hartell1993_phon.pdf
841	wol_Hartell1993_phon.pdf
842	yam_Hartell1993_phon.pdf
843	yat_Hartell1993_phon.pdf
844	yre_Hartell1993_phon.pdf
845	ybb_Hartell1993_phon.pdf
846	pil_Hartell1993_phon.pdf
847	yor_Hartell1993_phon1.pdf
848	yor_Hartell1993_phon2.pdf
849	zne_Hartell1993_phon.pdf
850	dje_Hartell1993_phon.pdf
851	gnd_Hartell1993_phon.pdf
852	fwe_baumbach1997_phon.pdf
853	yey_baumbach1997_phon.pdf
854	cav_guillaume2004_phon.pdf
855	ccc_parker1991_phon.pdf
856	che_nichols1996_phon.pdf
857	cdm_caughley1982_phon.pdf
858	mhr_sebeok1961_phon.pdf
859	cle_archivo1980_phon.pdf
860	cti_alvarez2002_phon.pdf
861	crw_thomas1971_phon.pdf
862	boi_wash2001_phon.pdf
863	crd_doak1997_phon.pdf
864	com_charney1993_phon.pdf
865	cup_hill2005_phon.pdf
866	cuv_ndokobai2003_phon.pdf
867	anv_mbuagbaw1996_phon.pdf
868	kxl_yadava2000_phon.pdf
869	aoj_Loving1978_phon.pdf
870	usa_bee1965_phon.pdf
871	kpr_farr1974_phon.pdf
872	bjr_oatridge1973_phon.pdf
873	ego_blench2006_phon.pdf
874	ekp_blench2006_phon.pdf
875	enb_zwarts2003_phon.pdf
876	ags_fointein1986_phon.pdf
877	fan_eko1974_phon.pdf
878	fuu_boyeldieu2000_phon.pdf
879	gbd_sands1989_phon.pdf
880	gby_rosendall1998_phon.pdf
881	gvf_evans2005_phon.pdf
882	gub_bendorsamuel1966_phon.pdf
883	gup_oates1964_phon.pdf
884	hay_byarushengo1977_phon.pdf
885	wya_lagarde1980_phon.pdf
886	hch_gomez1999_phon.pdf
887	qwh_levengood1982_phon.pdf
888	huv_archivo1983_phon.pdf
889	qxw_wroughton1996_phon.pdf
890	lyn_jacottet1896_phon.pdf
891	iby_blench2005_phon.pdf
892	imn_seiler1985_phon.pdf
893	inh_nichols1996_phon.pdf
894	ksi_donohue2002_phon.pdf
895	yal_lupke2005_phon.pdf
896	jar_lukas1961_phon.pdf
897	jap_vogel2003_phon.pdf
898	tow_yumitani1998_phon.pdf
899	mgi_blench2006_phon.pdf
900	kab_hamouma1987_phon.pdf
901	gid_noukeu2002_phon.pdf
902	kyz_souza2004_phon.pdf
903	kms_sanders1994a_phon.pdf
904	kxo_bacelar2004_phon.pdf
905	ndb_akeriweh2000_phon.pdf
906	xrb_wichser1994_phon.pdf
907	kmv_tobler1983_phon.pdf
908	ken_mbuagbaw2000_phon.pdf
909	khr_peterson_phon.pdf
910	cog_ungsitipoonporn_phon.pdf
911	kin_mpayimana2003_phon.pdf
912	okr_blench2005_phon.pdf
913	kkk_palmer1999_phon.pdf
914	kme_asobo1989_phon.pdf
915	kma_cahill1999_phon.pdf
916	kdt_oranuch1984_phon.pdf
917	kle_tolsma1999_phon.pdf
918	kto_lindstrom2002_phon.pdf
919	kgg_watters2006_phon.pdf
920	kxv_israel1979_phon.pdf
921	xwa_voort2004_phon.pdf
922	lbj_koshal1979_phon.pdf
923	lag_dunham2005_phon.pdf
924	lao_morev1979_phon.pdf
925	lvk_terrill1999_phon.pdf
926	bwt2_ebah1990_phon.pdf
927	lun_kawasha2003_phon.pdf
928	lch_fleisch2000_phon.pdf
929	bdu_atta1993_phon.pdf
930	mkd_friedman2002_phon.pdf
931	mxu_blench2006_phon.pdf
932	grg_blackings2003_phon.pdf
933	mva_turner1986_phon.pdf
934	bce_forku2000_phon.pdf
935	nmm_hildebrandt2004_phon.pdf
936	nge_swiri1998_phon.pdf
937	mec_heath1981_phon.pdf
938	ayz_dol1999_phon.pdf
939	gmm_Boyd1997.pdf
940	byv_nganmou1991_phon.pdf
941	xmf_harris1991_phon.pdf
942	bfm_bangha2003_phon.pdf
943	mwt_veena1980_phon.pdf
944	cas_sakel2004_phon.pdf
945	mgg_djiafeua1989_phon.pdf
946	mhk_nahjella1997_phon.pdf
947	nmg_ngue2002_phon.pdf
948	mlv_Francois2001_phon.pdf
949	nnm_feldpausch1992_phon.pdf
950	nml_ngoran1999_phon.pdf
951	apm_hoijer1946.pdf
952	yum_halpern1946.pdf
953	nnk_spaulding1994_phon.pdf
954	niq_creider1989_phon.pdf
955	kig_saowalak1993_phon.pdf
956	mff_kum2002_phon.pdf
957	ncl_langacker1979_phon.pdf
958	nag_bhattacharjya2001_phon.pdf
959	nsh_bolima1998_phon.pdf
960	nig_baker1999_phon.pdf
961	nam_hoddinott1988_phon.pdf
962	igo_ngouagna1988_phon.pdf
963	nla_voutsa2003_phon.pdf
964	noo_davidson2002_phon.pdf
965	kxm_phunsap1984_phon.pdf
966	pao_thornes2003_phon.pdf
967	kcn_wellens2003_phon.pdf
968	nus_frank1999_phon.pdf
969	ekm_ekambi1990_phon.pdf
970	nym_maganga1992_phon.pdf
971	nyl_taweeporn1998_phon.pdf
972	ann_faraclas1984_phon.pdf
973	mps_loving1974_phon.pdf
974	fai_loving1974_phon.pdf
975	oku_yensi1996_phon.pdf
976	oss_hettich1997_phon.pdf
977	pau_josephs1975_phon.pdf
978	okv_loving1977_phon.pdf
979	yll_loving1977_phon.pdf
980	niz_loving1977_phon.pdf
981	dob_loving1977_phon.pdf
982	smq_loving1977_phon.pdf
983	uvh_loving1974_phon.pdf
984	bzf_loving1974_phon.pdf
985	prt&mlf_unchalee1988_phon.pdf
986	mlf_unchalee1988_phon.pdf
987	rma_grinevald1990_phon.pdf
988	xmt_remijsen2002_phon.pdf
989	run_rodegem1967_phon.pdf
990	nyn_poletto1998_phon.pdf
991	rwr_magier1983_phon.pdf
992	ndi_kong2004_phon.pdf
993	sbd_platiel1979_phon.pdf
994	sxm_ploykaew2001_phon.pdf
995	sae_antunes2004_phon.pdf
996	str_montler2005_phon.pdf
997	sas_austin1998_phon.pdf
998	svr_anonymous1927_phon.pdf
999	pos_clark1995_phon.pdf
1000	sey_levinson1990_phon.pdf
1001	trv_asal1969_phon.pdf
1002	ssg_wozna&wilson2005_phon.pdf
1003	sza_kruspe1999_phon.pdf
1004	ser_hill1967_phon.pdf
1005	sbf_teferra1991_phon.pdf
1006	ywn_vieira2004_phon.pdf
1007	kde_liphola2001_phon.pdf
1008	sna_fortune1955_phon.pdf
1009	bax_nchare2005_phon.pdf
1010	sjr_rowe2005_phon.pdf
1011	skr_shackle1976_phon.pdf
1012	sjw_andrews1994_phon.pdf
1013	skv_donohue2004_phon.pdf
1014	thm_migliazza1998_phon.pdf
1015	erk_thieberger2004_phon.pdf
1016	spo_carlson1972_phon.pdf
1017	sso_demuth1992_phon.pdf
1018	stw_roddy2007_phon.pdf
1019	ulw_green1999_phon.pdf
1020	jup_epps2005_phon.pdf
1021	zoh_johnson2000_phon.pdf
1022	ztp_beam2004_phon.pdf
1023	yuk_schlicter1985_phon.pdf
1024	yap_ballantyne2005_phon.pdf
1025	yur_robins1958_phon.pdf
1026	yuz_gijn2006_phon.pdf
1027	yux_maslova2003_phon.pdf
1028	wbm_wattana1998_phon.pdf
1029	wms_vries1992_phon.pdf
1030	was_jacobsen1964_phon.pdf
1031	way_silva-tavares2005_phon.pdf
1032	woc_exter2003_phon.pdf
1033	var_armendariz2005_phon.pdf
1034	vai_delafosse1899_phon.pdf
1035	ukr_pugh1999_phon.pdf
1036	phl_liljegren2008_phon.pdf
1037	mky_Bowden1997_phon.pdf
1038	tpi_gonzalez2005_phon.pdf
1039	bjz_farr_phon.pdf
1040	tav_bostrom1998_phon.pdf
1041	tgw_casimir1998_phon.pdf
1042	mzn_mohktarian2004.pdf
1043	blk_orranat2000_phon.pdf
1044	tft_hayami2001_phon.pdf
1045	tob_klein1973_phon.pdf
1046	pol_jassem2003_phon.pdf
1047	cmn_Lee2003_phon.pdf
1048	ijn_harry2003_phon.pdf
1049	ydd_Kleine2003_phon.pdf
1050	nld_Verhoeven2005_phon.pdf
1050	nld_peters2006_phon.pdf
1051	mla_Jauncey2005_phon.pdf
1052	gay_eades2006_phon.pdf
1053	jam_harry2006_phon.pdf
1054	mcs_anonby2006_phon.pdf
1055	arg_Mott2007_phon.pdf
1056	zts_Merrill2008_phon.pdf
1057	ibb_urua2004_phon.pdf
1058	tam_Keane2004_phon.pdf
1059	zpq_sonnenschein2004_phon.pdf
1060	bgo_relich1973_phon.pdf
1061	nxl_bolton1990_phon.pdf
1062	slu_coward1990_phon.pdf
1063	tvd_lovelace1992_phon.pdf
1064	wos_wendel1993_phon.pdf
1065	blr_block1994_phon.pdf
1066	txx_dillon1994_phon.pdf
1067	bod_cha1995_phon.pdf
1068	ruk_wilson1996_phon.pdf
1069	tol_bommelyn1997_phon.pdf
1070	pae_reeder1998_phon.pdf
1071	cho_broadwell_phon.pdf
1072	crg_rosen2007_phon.pdf
1073	plg_vidal2001_phon.pdf
1074	yuc_linn2001_phon.pdf
1075	bwi_granadillo2006_phon.pdf
1076	ktn_everett2006_phon.pdf
1077	esi_nagai2006_phon.pdf
1078	zab_lillehaugen2006_phon.pdf
1079	tzo_shklovsky2005_phon.pdf
1080	sid_kawachi2007_phon.pdf
1081	bdr_miller2007_phon.pdf
1082	cid_jany2007_phon.pdf
1083	tee_kung2007_phon.pdf
1084	ute_oberly2008_phon.pdf
1085	duo_robinson2008_phon.pdf
1086	ton_morton1962_phon.pdf
1087	lmw_Callaghan1963_phon.pdf
1088	lzz_anderson1963_phon.pdf
1089	jun_matson1964_phon.pdf
1090	adn_haan2001_phon.pdf
1091	ael_nganganu2001_phon.pdf
1092	apu_facundes2000_phon.pdf
1093	ace_asyik1987_phon.pdf
1094	aig_farquhar1974_phon.pdf
1095	akl_chai1971_phon.pdf
1096	arh_frank1985_phon.pdf
1097	arr_gabas1999_phon.pdf
1098	ayl_elfitoury1976_phon.pdf
1099	bbc_percival1964_phon.pdf
1100	bci_timyan1977_phon.pdf
1101	bfw_fernandez1968_phon.pdf
1102	biw_begne1979_phon.pdf
1103	bla_taylor1969_phon.pdf
1104	bll_einaudi1974_phon.pdf
1105	bzj_greene1993_phon.pdf
1106	cku_kimball1985_phon.pdf
1107	coo_harris1981_phon.pdf
1108	cso_foris1993_phon.pdf
1109	diq_todd1985_phon.pdf
1110	ets_elimelech1976_phon.pdf
1111	frr_lasswell1998_phon.pdf
1112	gju_losey2002_phon.pdf
1113	gvc_stenzel2004_phon.pdf
1114	hum_takizala1974_phon.pdf
1115	hur_galloway1977_phon.pdf
1116	hus_wedemeyer1988_phon.pdf
1117	ilo_rubino1997_phon.pdf
1118	kbc_sandalo1995_phon.pdf
1119	kub_koops1990_phon.pdf
1120	kwi_curnow1997_phon.pdf
1121	lis_roop1970_phon.pdf
1122	los_hamel1985_phon.pdf
1123	mbe_pharris2006_phon.pdf
1124	mcf_fleck2003_phon.pdf
1125	mni_chelliah1992_phon.pdf
1126	mnk_drame1981_phon.pdf
1127	moc_grondona1998_phon.pdf
1128	mam_godfrey1981_phon.pdf
1129	myu_picanco2005_phon.pdf
1130	ncg_tarpent1987_phon.pdf
1131	nds_mierau1965_phon.pdf
1132	pmg_berthiaume2003_phon.pdf
1133	par_mclaughlin1987_phon.pdf
1134	pcm_faraclas1989_phon.pdf
1135	pej_oconnor1987_phon.pdf
1136	poq_reilly2002_phon.pdf
1137	kca_filchenko2007.pdf
1138	cat_carbonell1992_phon.pdf
1139	hrv_landau1995_phon.pdf
1140	ces_dankovicova1997_phon.pdf
1141	glg_regueira1996_phon.pdf
1142	kbp_padayodi2008_phon.pdf
1143	mnh_olson2001_phon.pdf
1144	ind_soderberg2008_phon.pdf
1145	ita_rogers2004_phon.pdf
1146	qxl_masaquiza2008_phon.pdf
1147	sei_marlett1981_phon.pdf
1147	sei_Astorga2005_phon.pdf
1148	snd_nihalani1995.pdf
1149	slv_sustarsic-komar1995_phon.pdf
1150	swe_engstrand1990.pdf
1151	mky_bowden-hajek1996.pdf
1152	khc_donohue1994.pdf
1153	pib_sebastian-marlett2008.pdf
1154	quc_larsen1988_phon.pdf
1155	qvh_weber1983_phon.pdf
1156	qum_barrett1999_phon.pdf
1157	qug_beukema1975_phon.pdf
1158	tpt_watters1988_phon.pdf
1159	abt_wilson1973_phon.pdf
1160	aau_lock1990_phon.pdf
1161	ahg_hetzron1969_phon.pdf
1162	ahk_panadda1993_phon.pdf
1163	aly_yallop1977_phon.pdf
1164	amn_minch1992_phon.pdf
1165	anu_reh1996_phon.pdf
1166	jbj_voorhoeve1985_phon.pdf
1167	aon_fortune1942_phon.pdf
1168	tcb_holton2000_phon.pdf
1169	avt_scorza1985_phon.pdf
1170	tpz_loving1975_phon.pdf
1171	pex_loving1975_phon.pdf
1172	ptp_loving1975_phon.pdf
1173	kcl_loving1975_phon.pdf
1174	sgz_loving1975_phon.pdf
1175	awx_quigley2003_phon.pdf
1176	azo_azieshi1994_phon.pdf
1177	kmn_feldman1986_phon.pdf
1178	bbw_nashipu2005_phon.pdf
1179	bbk_akumbu1999_phon.pdf
1180	bkh_edika1990_phon.pdf
1181	muo_kouonang1983_phon.pdf
1182	bvm_ngeloh2002_phon.pdf
1183	bgi_mbah2003_phon.pdf
1184	bnm_kouankem2003_phon.pdf
1185	bch_gallagher2005_phon.pdf
1186	bby_gueche2004_phon.pdf
1187	dbj_goudswaard2005_phon.pdf
1188	bem_kula2002_phon.pdf
1189	brc_kouwenberg1994_phon.pdf
1190	xub_coelho2003_phon.pdf
1191	bhw_heuvel2006_phon.pdf
1192	nbj_nordlinger1990_phon.pdf
1193	bhg_wilson2002_phon.pdf
1194	bwq_sanou1978_phon.pdf
1195	bol2_gimba2000_phon.pdf
1196	bot_abessolo1990_phon.pdf
1197	bwo_bhattacharya1977_phon.pdf
1198	bkk_ramaswami1982_phon.pdf
1199	bsp_ganong1998_phon.pdf
1200	bbx_fiensong1993_phon.pdf
1201	bxk_mutonyi2000_phon.pdf
1202	sbs_baumbach1997_phon.pdf
1203	ttl_baumbach1997_phon.pdf
1204	bmo_ayafor2002_phon.pdf
1205	mrq_zewen1987_phon.pdf
1206	oon_dasgupta1982_phon.pdf
1207	plo_zavala2000_phon.pdf
1208	jya_jacques2004_phon.pdf
1209	suq_bryant1999_phon.pdf
1210	blb_obata2003_phon.pdf
1211	hoa_davis2003_phon.pdf
1212	fil_cubar1994_phon.pdf
1213	nxg_djawanai1983_phon.pdf
1214	mnb_vandenberg1989_phon.pdf
1215	xxk_baird2002_phon.pdf
1216	thm_nuchanart1998_phon.pdf
1217	skf_galucio2001_o.pdf
1218	tiw_osborne1974.pdf
1219	trw_lunsford2001.pdf
1220	tdh_lahaussois2002.pdf
1221	tsj_andvik1999.pdf
1222	cof_dickinson2002_phon.pdf
1223	tzj_dayley1981_phon.pdf
1224	pww_naruemon1995_phon.pdf
1225	tyv_harrison2000_phon.pdf
1226	kfk_nigam1971.pdf
1227	wtm_gusain2003_phon.pdf
1228	aty_lynch2000.pdf
1229	atb_wannemacher1998.pdf
1230	cic_gordon-etal2001.pdf
1231	fur_miotti2002.pdf
1232	apj_tuttle2002.pdf
1233	ega_connell2002.pdf
1234	fub_stennes1967.pdf
1235	are_anderson2000_phon.pdf
1236	xsu_borgman1990_phono.pdf
1237	pav_everett1997.pdf
1238	cro_kaschube1967.pdf
1239	boi_chumash1970.pdf
1240	fub_Taylor1953.pdf
1241	adamawa_taylor1953.pdf
1242	agni_ahua2004_s.pdf
1243	agni_ahua2004_s.pdf
1244	agni_quaireau1987_o.pdf
1245	aka_dolphyne1988.pdf
1246	chakosi_stanford1970.pdf
1247	babole.pdf
1248	bana_hofmann1990_o.pdf
1249	kresh_aja.pdf
1250	kresh_aja.pdf
1251	bila.pdf
1252	busa.pdf
1253	fulfulde_bickoe2000_o.pdf
1254	fulfulde_mcintosh1984_o.pdf
1255	herero.pdf
1256	Herington_etal2009-TanagriPhonology.pdf
1257	khq.pdf
1258	kpa.pdf
1259	lega.pdf
1260	limbum_bah2004_o.pdf
1261	limbum_bah2004_o.pdf
1262	limbum_bah2004_o.pdf
1263	mye.pdf
1264	ncam_badie1995_o.pdf
1265	nen.pdf
1266	rufiji.pdf
1267	rufiji.pdf
1268	western-savanna.pdf
1269	western-savanna.pdf
1270	western-savanna.pdf
1271	western-savanna.pdf
1272	western-savanna.pdf
1273	snk-1.pdf
1274	songhay_heath1999.pdf
1275	lele_frajzyngier.pdf
1276	kck_mathangwane.pdf
1277	lol_hulstaert.pdf
1278	wok_longto.pdf
1279	gbe_capo.pdf
1280	gbe_capo.pdf
1281	gbe_capo.pdf
1282	gbe_capo.pdf
1283	jmc_kiwoso.pdf
1284	mda_price.pdf
1285	mfo_bamgbose.pdf
1286	nwe_dunstan.pdf
1287	jow_carlson.pdf
1288	yba_armstrong.pdf
1289	mgr_bickmore.pdf
1290	kcv_muzenga.pdf
1291	kws_forges.pdf
1292	snm_blackingsfabb.pdf
1293	tucker.pdf
1294	tucker.pdf
1295	aft_voogt.pdf
1296	avatime_schuh.pdf
1297	abn.pdf
1298	any.pdf
1299	dgh.pdf
1300	afo.pdf
1301	fuv.pdf
1302	acd.pdf
1303	ayg.pdf
1304	hbb.pdf
1305	kwl.pdf
1306	kye.pdf
1307	krm.pdf
1308	banda_sampson.pdf
1309	dib.pdf
1310	foodo.pdf
1311	joola_huluf.pdf
1312	jumjum.pdf
1313	Kurmuk.pdf
1314	Lulubo.pdf
1315	Maay.pdf
1316	Mabaan.pdf
1317	nizaa.pdf
1318	zone-s.pdf
1319	zone-s.pdf
1320	akp.pdf
1321	bun.pdf
1322	buy.pdf
1323	cpn.pdf
1324	fap.pdf
1325	gur.pdf
1326	lip.pdf
1327	maw.pdf
1328	Bostoen_Bantu_M.pdf
1329	pbp.pdf
1330	snw.pdf
1331	tiv.pdf
1332	byn.pdf
1333	agaw.pdf
1334	lik.pdf
1335	yns.pdf
1336	buu.pdf
1337	khy.pdf
1338	lej.pdf
1339	kbo.pdf
1340	won.pdf
1341	wlc.pdf
1342	afar.pdf
1343	kebi.pdf
1344	kebi.pdf
1345	kebi.pdf
1346	kebi.pdf
1347	kebi.pdf
1348	kebi.pdf
1349	myf.pdf
1350	tir.pdf
1351	kdj.pdf
1352	gwn.pdf
1353	gwn.pdf
1354	gwn.pdf
1355	gwn.pdf
1356	gwn.pdf
1357	gwn.pdf
1358	avi.pdf
1359	shk.pdf
1360	hgm.pdf
1361	pip.pdf
1362	gax-hdy.pdf
1363	gax-hdy.pdf
1364	wal.pdf
1365	njx.pdf
1366	otuho.pdf
1367	myx.pdf
1368	hig.pdf
1369	mzj.pdf
1370	say.pdf
1371	nzb.pdf
1372	dsq.pdf
1373	ktb.pdf
1374	otr.pdf
1375	otr.pdf
1376	nmi.pdf
1377	fli.pdf
1378	mcw.pdf
1379	nmn.pdf
1380	kib.pdf
1381	kki.pdf
1382	oks.pdf
1383	xuu.pdf
1384	bbj.pdf
1385	afn.pdf
1386	tkq.pdf
1387	sgc.pdf
1388	pbr.pdf
1389	hoo.pdf
1390	bwu.pdf
1391	bjt.pdf
1392	now.pdf
1393	dan_santa.pdf
1394	pko.pdf
1395	afr.pdf
1396	hertzon.pdf
1397	hertzon.pdf
1398	din.pdf
1399	tano.pdf
1400	tano.pdf
1401	hna.pdf
1402	bhs.pdf
1403	langermann.pdf
1403	xed.pdf
1404	langermann.pdf
1405	ikw.pdf
1406	kot.pdf
1407	gmm.pdf
1408	mqb.pdf
1409	mlw.pdf
1410	muy.pdf
1411	jgo.pdf
1412	dmo.pdf
1413	ntm.pdf
1414	stv.pdf
1415	weh.pdf
1416	kadugli_krongo.pdf
1417	kadugli_krongo.pdf
1418	kadugli_krongo.pdf
1419	kadugli_krongo.pdf
1420	kadugli_krongo.pdf
1421	kadugli_krongo.pdf
1422	kadugli_krongo.pdf
1423	kadugli_krongo.pdf
1424	mgc.pdf
1425	luc.pdf
1426	keg.pdf
1427	talodi.pdf
1428	talodi.pdf
1429	talodi.pdf
1430	talodi.pdf
1431	did.pdf
1432	lwoian.pdf
1433	lwoian.pdf
1434	lwoian.pdf
1435	viri.pdf
1436	viri.pdf
1437	bde.pdf
1438	fpe.pdf
1439	jit.pdf
1440	dim.pdf
1441	lto.pdf
1442	djm.pdf
1443	kam.pdf
1444	ksf.pdf
1445	laj.pdf
1446	lks_donohew.pdf
1446	lks.pdf
1447	nuj.pdf
1448	wmw.pdf
1449	xkv.pdf
1450	boz.pdf
1451	alw.pdf
1452	deg.pdf
1453	bsc.pdf
1454	pre.pdf
1455	nko.pdf
1456	gunan_gurage.pdf
1457	gunan_gurage.pdf
1458	gunan_gurage.pdf
1459	gunan_gurage.pdf
1460	gunan_gurage.pdf
1461	gunan_gurage.pdf
1462	gunan_gurage.pdf
1463	gunan_gurage.pdf
1464	gunan_gurage.pdf
1465	gunan_gurage.pdf
1466	gunan_gurage.pdf
1467	gunan_gurage.pdf
1468	dnn.pdf
1469	bmi.pdf
1470	niy.pdf
1471	ndh.pdf
1472	mym.pdf
1473	nsg.pdf
1474	myb.pdf
1475	sese.pdf
1476	soo.pdf
1477	bench.pdf
1478	gimira.pdf
1479	bench.pdf
1480	zay.pdf
1481	gamo.pdf
1482	kqy.pdf
1483	aiw.pdf
1484	omotic_bender.pdf
1485	omotic_bender.pdf
1486	omotic_bender.pdf
1487	omotic_bender.pdf
1488	mdm.pdf
1489	lsm.pdf
1490	nnw.pdf
1491	nbl.pdf
1492	sxw.pdf
1493	laarim_stirtz.pdf
1494	bjg.pdf
1495	doy.pdf
1496	beledugu_bam.pdf
1497	hbn.pdf
1498	kga.pdf
1499	shw.pdf
1500	ttb.pdf
1501	wambo.pdf
1502	wambo.pdf
1503	wambo.pdf
1504	wambo.pdf
1505	wambo.pdf
1506	wambo.pdf
1507	wambo.pdf
1508	xon_naware.pdf
1509	zag.pdf
1510	zwa.pdf
1511	zmx.pdf
1512	bbo_new.pdf
1513	bez_Morrison.pdf
1514	kpelle_guinea.pdf
1515	kke_russian.pdf
1516	Lele_vydrine.pdf
1517	looma_mandenkan.pdf
1518	mev.pdf
1519	ross_kyanga.pdf
1520	ross_kyanga.pdf
1521	abu.pdf
1522	abb.pdf
1523	afu.pdf
1524	agq_hyman.pdf
1525	arv.pdf
1526	abi_tresbarats.pdf
1527	adj_herault.pdf
1528	ahi.pdf
1529	ald_duponchel.pdf
1530	ahs_tinor.pdf
1531	zdj_patin.pdf
1532	akpes.pdf
1533	etx.pdf
1534	fwrightmathesis.pdf
1535	gel.pdf
1536	idu.pdf
1537	iri.pdf
1538	izr.pdf
1539	jer_eboze.pdf
1540	agb_hyman.pdf
1541	logba.pdf
1542	awngi_2010.pdf
1543	Glavda_Morphology.pdf
1544	uwu_ahan.pdf
1545	uwu_ahan.pdf
1546	ronga.pdf
1547	Comorian-inventories.pdf
1548	biv.pdf
1549	cwt.pdf
1550	ati.pdf
1551	aoa.pdf
1552	hae.pdf
1553	pov.pdf
1554	manenguba.pdf
1555	manenguba.pdf
1556	manenguba.pdf
1557	manenguba.pdf
1558	manenguba.pdf
1559	manenguba.pdf
1560	manenguba.pdf
1561	lir.pdf
1562	ggu.pdf
1563	eto.pdf
1564	rcf.pdf
1565	mls.pdf
1566	cri.pdf
1567	tan.pdf
1568	suk.pdf
1569	mfe.pdf
1570	krio_nylander.pdf
1571	ktu.pdf
1572	akasilimi_baasaal_podi.pdf
1573	bag.pdf
1574	BakaOrthography.pdf
1575	bmv.pdf
1576	dbq_lienhard.pdf
1577	gou.pdf
1578	gde_menetrey.pdf
1579	lno.pdf
1580	igo_gblem_ahl.pdf
1581	kako_ernst1992_o.pdf
1582	knp.pdf
1583	Mambila_CAM.pdf
1584	meq.pdf
1585	mfi.pdf
1586	mijikenda.pdf
1587	mijikenda.pdf
1588	mijikenda.pdf
1589	mijikenda.pdf
1590	mijikenda.pdf
1591	mijikenda.pdf
1592	mijikenda.pdf
1593	mijikenda.pdf
1594	mijikenda.pdf
1595	mlr.pdf
1596	mmu.pdf
1597	mpi.pdf
1598	mif.pdf
1599	mtk.pdf
1600	ncr.pdf
1601	nfu.pdf
1602	njy.pdf
1603	Manessy_bwamu_box.pdf
1604	Leger_kwami_ktf.pdf
1605	Benoit_gouro_goa.pdf
1606	Veiga_cap-vert_kea.pdf
1607	Elders_kulango_nku.pdf
1608	Sava_tsamakko_tsb.pdf
1609	Hdouch_tzm.pdf
1610	Walker_siz.pdf
1611	Edelsten_ndj.pdf
1612	Lovestrand_bva.pdf
1613	Lovestrand_bva.pdf
1614	Lovestrand_bva.pdf
1615	Lovestrand_bva.pdf
1616	Stirtz_tbi.pdf
1617	Good_fungom.pdf
1618	Good_fungom.pdf
1619	Good_fungom.pdf
1620	Good_fungom.pdf
1621	Good_fungom.pdf
1622	Kastenholz_knk.pdf
1623	Boyeldieu_boua.pdf
1624	Lukas_gis.pdf
1625	Mbah_mgo.pdf
1626	Neg_bri.pdf
1627	Haas_sif.pdf
1628	Anderson_nnh.pdf
1629	Patman_yas.pdf
1630	Eyoh_nza.pdf
1631	Hoskins_orc.pdf
1632	Mbah_pny.pdf
1633	Njoya_pnz.pdf
1634	Reid_atu.pdf
1635	Kinnaird_udl.pdf
1636	Vorbichler_les.pdf
1637	Bearth_neb.pdf
1638	Sewangi_gwe.pdf
1639	Kahigi_suw.pdf
1640	Rubanza_zin.pdf
1641	Rubanza_mer.pdf
1642	Kahigi_hka.pdf
1643	Rubagumya_han.pdf
1644	Mrikaria_old.pdf
1645	Mreta_ssc.pdf
1646	Massamba_kya.pdf
1647	Martin_www.pdf
1648	1997_kossmann_berber_phonology.pdf
1649	Boyeldieu_boua.pdf
1650	sef_tangari.pdf
1651	flr_vanotterloo.pdf
1652	sandawe_2008.pdf
1653	tvd_blench.pdf
1654	Watters_1981_Dissertation.pdf
1655	ybb_1991.pdf
1656	bfj_koopman.pdf
1657	bji_Amborn.pdf
1658	blo_morton.pdf
1659	fip_kwa.pdf
1660	naw_casali.pdf
1661	myo_yigezu.pdf
1662	nto_mangulu.pdf
1663	xtc_schadeberg.pdf
1664	uiv_foster.pdf
1665	btx_KaroBatak1.pdf
1666	tgl_Himmelmann.pdf
1667	ssb_Jun.pdf
1668	kqr_Kroeger.pdf
1669	beg_Clynes.pdf
1670	ilo_Rubino.pdf
1671	cjm_Thurgood.pdf
1672	mkm_Larish.pdf
1673	mkm_Larish.pdf
1674	nia_Brown.pdf
1675	jav_Ogloblin.pdf
1676	blf_Zubol.pdf
1677	mak_Jukes.pdf
1678	xma_Mead.pdf
1679	xbr_Klamer.pdf
1680	tet_Engelenhoven.pdf
1681	tet_Engelenhoven.pdf
1682	mky_Bowden.pdf
1683	bhw_Steinhauer.pdf
1684	abs_Paauw.pdf
1685	abs_Paauw.pdf
1686	abs_Paauw.pdf
1687	abs_Paauw.pdf
1688	abs_Paauw.pdf
1689	abs_Paauw.pdf
1690	idn_Snedden.pdf
1691	mad_Davies.pdf
1692	Garry_Rubino.pdf
1693	Garry_Rubino.pdf
1694	Garry_Rubino.pdf
1695	Garry_Rubino.pdf
1696	Garry_Rubino.pdf
1697	Garry_Rubino.pdf
1698	Garry_Rubino.pdf
1699	Garry_Rubino.pdf
1700	Tengger.doc
1701	mrr_Ramaswami.pdf
1702	apq&njm_Ramaswami1999.pdf
1703	apq&njm_Ramaswami1999.pdf
1704	njo&apt_Ramaswami1999.pdf
1705	njo&apt_Ramaswami1999.pdf
1706	asm&awa_Ramaswami1999.pdf
1707	asm&awa_Ramaswami1999.pdf
1708	bfq&bft_Ramaswami1999.pdf
1709	bfq&bft_Ramaswami1999.pdf
1710	lmn&ben_Ramaswami1999.pdf
1711	lmn&ben_Ramaswami1999.pdf
1712	bhb&unr_Ramaswami1999.pdf
1713	bhb&unr_Ramaswami1999.pdf
1714	bwo&bkk_Ramaswami1999.pdf
1715	bwo&bkk_Ramaswami1999.pdf
1716	bns&cdn_Ramaswami1999.pdf
1717	bns&cdn_Ramaswami1999.pdf
1718	nri&drd_Ramaswami1999.pdf
1719	nri&drd_Ramaswami1999.pdf
1720	gaq&gda_Ramaswami1999.pdf
1721	gaq&gda_Ramaswami1999.pdf
1722	adl&grt_Ramaswami1999.pdf
1723	adl&grt_Ramaswami1999.pdf
1724	gju&guj_Ramaswami1999.pdf
1725	gju&guj_Ramaswami1999.pdf
1726	gbj&hlb_Ramaswami1999.pdf
1727	gbj&hlb_Ramaswami1999.pdf
1728	hin&hoc_Ramaswami1999.pdf
1729	hin&hoc_Ramaswami1999.pdf
1730	iru&jns_Ramaswami1999.pdf
1731	iru&jns_Ramaswami1999.pdf
1732	jun&xnr_Ramaswami1999.pdf
1733	jun&xnr_Ramaswami1999.pdf
1734	kan&saz_Ramaswami1999.pdf
1735	kan&saz_Ramaswami1999.pdf
1735	varma_kanigkergotti1978.pdf
1736	mjw&iru_Ramaswami1999.pdf
1737	mjw&iru_Ramaswami1999.pdf
1738	kas&xuj_Ramaswami1999.pdf
1739	kas&xuj_Ramaswami1999.pdf
1740	khr&kha_Ramaswami1999.pdf
1741	khr&kha_Ramaswami1999.pdf
1742	nkh&kfa_Ramaswami1999.pdf
1743	nkh&kfa_Ramaswami1999.pdf
1744	kfb&kfc_Ramaswami1999.pdf
1745	kfb&kfc_Ramaswami1999.pdf
1746	gau&knn_Ramaswami1999.pdf
1747	gau&knn_Ramaswami1999.pdf
1748	kfd&kfq_Ramaswami1999.pdf
1749	kfd&kfq_Ramaswami1999.pdf
1750	kfe&kff_Ramaswami1999.pdf
1751	kfe&kff_Ramaswami1999.pdf
1752	kxu&kfy_Ramaswami1999.pdf
1753	kxu&kfy_Ramaswami1999.pdf
1754	kru&kxv_Ramaswami1999.pdf
1755	kru&kxv_Ramaswami1999.pdf
1756	lbj&lmn_Ramaswami1999.pdf
1757	lbj&lmn_Ramaswami1999.pdf
1758	lep&njh_Ramaswami1999.pdf
1759	lep&njh_Ramaswami1999.pdf
1760	lus&mai_Ramaswami1999.pdf
1761	lus&mai_Ramaswami1999.pdf
1762	mal&mjt_Ramaswami1999.pdf
1763	mal&mjt_Ramaswami1999.pdf
1764	mni&nbi_Ramaswami1999.pdf
1765	mni&nbi_Ramaswami1999.pdf
1766	mar&mxj_Ramaswami1999.pdf
1767	mar&mxj_Ramaswami1999.pdf
1768	mrg&nmo_Ramaswami1999.pdf
1769	mrg&nmo_Ramaswami1999.pdf
1770	unr&nit_Ramaswami1999.pdf
1771	unr&nit_Ramaswami1999.pdf
1772	nep&ncb_Ramaswami1999.pdf
1773	nep&ncb_Ramaswami1999.pdf
1774	gdb&ori_Ramaswami1999.pdf
1775	gdb&ori_Ramaswami1999.pdf
1776	pck&pci_Ramaswami1999.pdf
1777	pck&pci_Ramaswami1999.pdf
1778	lae&peg_Ramaswami1999.pdf
1779	lae&peg_Ramaswami1999.pdf
1780	pan&bfw_Ramaswami1999.pdf
1781	pan&bfw_Ramaswami1999.pdf
1782	san&sat_Ramaswami1999.pdf
1783	san&sat_Ramaswami1999.pdf
1784	nsm&scl_Ramaswami1999.pdf
1785	nsm&scl_Ramaswami1999.pdf
1786	snd&srb_Ramaswami1999.pdf
1787	snd&srb_Ramaswami1999.pdf
1788	tam&nmf_Ramaswami1999.pdf
1789	tam&nmf_Ramaswami1999.pdf
1790	nst&tel_Ramaswami1999.pdf
1791	nst&tel_Ramaswami1999.pdf
1792	tcz&tcx_Ramaswami1999.pdf
1793	tcz&tcx_Ramaswami1999.pdf
1794	trp&tcy_Ramaswami1999.pdf
1795	trp&tcy_Ramaswami1999.pdf
1796	url&urd_Ramaswami1999.pdf
1797	url&urd_Ramaswami1999.pdf
1798	vaa&yea_Ramaswami1999.pdf
1799	vaa&yea_Ramaswami1999.pdf
1800	yeu_Ramaswami1999.pdf
1801	NA
1802	NA
1803	NA
1804	NA
1805	NA
1806	NA
1807	NA
1808	NA
1809	NA
1810	NA
1811	NA
1812	NA
1813	NA
1814	NA
1815	NA
1816	NA
1817	NA
1818	NA
1819	NA
1820	NA
1821	NA
1822	NA
1823	NA
1824	NA
1825	NA
1826	NA
1827	NA
1828	NA
1829	NA
1830	NA
1831	NA
1832	NA
1833	NA
1834	NA
1835	NA
1836	NA
1837	NA
1838	NA
1839	NA
1840	NA
1841	NA
1842	NA
1843	NA
1844	NA
1845	NA
1846	NA
1847	NA
1848	NA
1849	NA
1850	NA
1851	NA
1852	NA
1853	NA
1854	NA
1855	NA
1856	NA
1857	NA
1858	NA
1859	NA
1860	NA
1861	NA
1862	NA
1863	NA
1864	NA
1865	NA
1866	NA
1867	NA
1868	NA
1869	NA
1870	NA
1871	NA
1872	NA
1873	NA
1874	NA
1875	NA
1876	NA
1877	NA
1878	NA
1879	NA
1880	NA
1881	NA
1882	NA
1883	NA
1884	NA
1885	NA
1886	NA
1887	NA
1888	NA
1889	NA
1890	NA
1891	NA
1892	NA
1893	NA
1894	NA
1895	NA
1896	NA
1897	NA
1898	NA
1899	NA
1900	NA
1901	NA
1902	NA
1903	NA
1904	NA
1905	NA
1906	NA
1907	NA
1908	NA
1909	NA
1910	NA
1911	NA
1912	NA
1913	NA
1914	NA
1915	NA
1916	NA
1917	NA
1918	NA
1919	NA
1920	NA
1921	NA
1922	NA
1923	NA
1924	NA
1925	NA
1926	NA
1927	NA
1928	NA
1929	NA
1930	NA
1931	NA
1932	NA
1933	NA
1934	NA
1935	NA
1936	NA
1937	NA
1938	NA
1939	NA
1940	NA
1941	NA
1942	NA
1943	NA
1944	NA
1945	NA
1946	NA
1947	NA
1948	NA
1949	NA
1950	NA
1951	NA
1952	NA
1953	NA
1954	NA
1955	NA
1956	NA
1957	NA
1958	NA
1959	NA
1960	NA
1961	NA
1962	NA
1963	NA
1964	NA
1965	NA
1966	NA
1967	NA
1968	NA
1969	NA
1970	NA
1971	NA
1972	NA
1973	NA
1974	NA
1975	NA
1976	NA
1977	NA
1978	NA
1979	NA
1980	NA
1981	NA
1982	NA
1983	NA
1984	NA
1985	NA
1986	NA
1987	NA
1988	NA
1989	NA
1990	NA
1991	NA
1992	NA
1993	NA
1994	NA
1995	NA
1996	NA
1997	NA
1998	NA
1999	NA
2000	NA
2001	NA
2002	NA
2003	NA
2004	NA
2005	NA
2006	NA
2007	NA
2008	NA
2009	NA
2010	NA
2011	NA
2012	NA
2013	NA
2014	NA
2015	NA
2016	NA
2017	NA
2018	NA
2019	NA
2020	NA
2021	NA
2022	NA
2023	NA
2024	NA
2025	NA
2026	NA
2027	NA
2028	NA
2029	NA
2030	NA
2031	NA
2032	NA
2033	NA
2034	NA
2035	NA
2036	NA
2037	NA
2038	NA
2039	NA
2040	NA
2041	NA
2042	NA
2043	NA
2044	NA
2045	NA
2046	NA
2047	NA
2048	NA
2049	NA
2050	NA
2051	NA
2052	NA
2053	NA
2054	NA
2055	NA
2056	NA
2057	NA
2058	NA
2059	NA
2060	NA
2061	NA
2062	NA
2063	NA
2064	NA
2065	NA
2066	NA
2067	NA
2068	NA
2069	NA
2070	NA
2071	NA
2072	NA
2073	NA
2074	NA
2075	NA
2076	NA
2077	NA
2078	NA
2079	NA
2080	NA
2081	NA
2082	NA
2083	NA
2084	NA
2085	NA
2086	NA
2087	NA
2088	NA
2089	NA
2090	NA
2091	NA
2092	NA
2093	NA
2094	NA
2095	NA
2096	NA
2097	NA
2098	NA
2099	NA
2100	NA
2101	NA
2102	NA
2103	NA
2104	NA
2105	NA
2106	NA
2107	NA
2108	NA
2109	NA
2110	NA
2111	NA
2112	NA
2113	NA
2114	NA
2115	NA
2116	NA
2117	NA
2118	NA
2119	NA
2120	NA
2121	NA
2122	NA
2123	NA
2124	NA
2125	NA
2126	NA
2127	NA
2128	NA
2129	NA
2130	NA
2131	NA
2132	NA
2133	NA
2134	NA
2135	NA
2136	NA
2137	NA
2138	NA
2139	NA
2140	NA
2141	NA
2142	NA
2143	NA
2144	NA
2145	NA
2146	NA
2147	NA
2148	NA
2149	NA
2150	NA
2151	NA
2152	NA
2153	NA
2154	NA
2155	NA
