inventory_id	bibtex_key	language_code_id	source	alternative_language_names
1	Cho1967	kor	SPA	Korean
1	Martin1951	kor	SPA	Korean
1	Martin1954	kor	SPA	Korean
1	MartinLee1969	kor	SPA	Korean
1	Kim1968	kor	SPA	Korean
1	Kim1972	kor	SPA	Korean
2	Dulzon1968	ket	SPA	Ket
2	Krejnovich1968	ket	SPA	Ket
3	Murkelinskij1967	lbe	SPA	Lak
3	Zhirkov1955	lbe	SPA	Lak
3	Khajdakov1966	lbe	SPA	Lak
4	Kuipers1960	kbd	SPA	Kabardian
5	RobinsWaterson1952	kat	SPA	Georgian
5	Selmer1935	kat	SPA	Georgian
5	Tschenkeli1958	kat	SPA	Georgian
5	Vogt1938	kat	SPA	Georgian
5	Vogt1939	kat	SPA	Georgian
5	Vogt1958	kat	SPA	Georgian
5	Vogt1971	kat	SPA	Georgian
6	Morgenstierne1945	bsk	SPA	Burushaski
7	Pinnow1964	kru	SPA	Kurukh
7	Pfeiffer1972	kru	SPA	Kurukh
7	Grignard1924	kru	SPA	Kurukh
8	Lisker1963	tel	SPA	Telugu
8	Krishnamurti1961	tel	SPA	Telugu
8	Kelley1963	tel	SPA	Telugu
9	Emeneau1944	kfe	SPA	Kota
10	GumperzBilibiri1957	unr	SPA	Mundari
11	Biligiri1965	khr	SPA	Kharia
11	Pinnow1959	khr	SPA	Kharia
12	Rabel1961	kha	SPA	Khasi
13	Smith1968	sed	SPA	Sedang
14	Huffman1970a	khm	SPA	Cambodian
14	Jacob1968	khm	SPA	Cambodian
14	Huffman1970b	khm	SPA	Cambodian
15	Thompson1965	vie	SPA	Vietnamese
16	Dow1972	cmn	SPA	Mandarin Chinese
16	Chao1968	cmn	SPA	Mandarin Chinese
16	Cheng1973b	cmn	SPA	Mandarin Chinese
16	Karlgren1926	cmn	SPA	Mandarin Chinese
17	Chao1970	wuu	SPA	Wu
18	Hashimoto1973	hak	SPA	Hakka
19	Cheng1973a	yue	SPA	Cantonese
20	Purnell1965	ium	SPA	Yao
21	Ray1967	dap	SPA	Dafla
22	Okell1969	mya	SPA	Burmese
23	Matisoff1973	lhu	SPA	Lahu
24	Burling1961	grt	SPA	Garo
25	Jones1961	ksw	SPA	Karen
26	Haudricourt1967	lbc	SPA	Lakkia
27	Abramson1962	tha	SPA	Thai
27	Kruatrachue1960	tha	SPA	Thai
27	Noss1954	tha	SPA	Thai
27	Noss1964	tha	SPA	Thai
28	Gedney1965	pcc	SPA	Yay
29	Blood1967	cja	SPA	Cham
30	Egerod1966	tay	SPA	Atayal
31	Dahl1952	plt	SPA	Malagasy
31	Dyen1971	plt	SPA	Malagasy
32	Verguin1967	zsm	SPA	Malay
32	MacdonaldSoenyono1967	zsm	SPA	Malay
33	vanderTuuk1971	bbc	SPA	Batak
34	Clayre1973	snv	SPA	Sa'ban
35	VanSyoc1959	sun	SPA	Sundanese
35	Anderson1972	sun	SPA	Sundanese
35	Robins1953	sun	SPA	Sundanese
35	Robins1957	sun	SPA	Sundanese
36	Uhlenbeck1949	jav	SPA	Javanese
36	Uhlenbeck1963	jav	SPA	Javanese
37	SchachterOtanes1972	tgl	SPA	Tagalog
37	Bloomfield1917	tgl	SPA	Tagalog
38	Topping1973	cha	SPA	Chamorro
39	Tryon1968	iai	SPA	Iai
39	Haudricourt1971	iai	SPA	Iai
40	Counts1969	khl	SPA	Kaliai
41	Holzknecht1973	adz	SPA	Adzera
42	Hohepa1967	mri	SPA	Maori
42	WilliamsWilliams1965	mri	SPA	Maori
42	Biggs1961	mri	SPA	Maori
43	PukuiElbert1965	haw	SPA	Hawaiian
44	Douglas1955	ant	SPA	Western Desert
44	Douglas1964	ant	SPA	Western Desert
45	OGrady1964	nna	SPA	Nyangumata
46	Sommer1969	kjn	SPA	Kunjen
46	Capell1967	kjn	SPA	Kunjen
47	Tryon1970	zmr	SPA	Maranungku
48	CapellHinch1970	mph	SPA	Maung
49	HughesLeeding1971	nuy	SPA	Nunggubuyu
50	Sharpe1972	alh	SPA	Alawa
51	SayersGodfrey1964	wim	SPA	Wik-Munkan
52	Cowan1965	set	SPA	Sentani
53	Kooyers_etal1971	kmo	SPA	Washkuk
54	Voorhoeve1965	tml	SPA	Asmat
55	Healey1964	tlf	SPA	Telefol
56	FrantzFrantz1966	gaj	SPA	Gadsup
57	Bees1965	auy	SPA	Auyana
58	Pence1966	kup	SPA	Kunimaipa
59	McElhanon1970a	spl	SPA	Selepet
60	HurdHurd1966	nas	SPA	Nasioi
61	Bergsland1956	ale	SPA	Aleut
61	Bergsland1959	ale	SPA	Aleut
61	Menovshchikov1968	ale	SPA	Aleut
61	Jakobson1944	ale	SPA	Aleut
62	Thalbitzer1904	kal	SPA	Inuit
62	Rischel1974	kal	SPA	Inuit
62	Kleinschmidt1851	kal	SPA	Inuit
63	Li1946	chp	SPA	Chipewyan
63	Li1932	chp	SPA	Chipewyan
63	Li1933	chp	SPA	Chipewyan
64	Bright1964	tol	SPA	Chasta Costa
65	Golla1970	hup	SPA	Hupa
65	Woodward1964	hup	SPA	Hupa
66	SapirHoijer1967	nav	SPA	Navaho
67	Sapir1923	hdn	SPA	Haida
68	Kuipers1967	squ	SPA	Squamish
69	Snyder1968	str	SPA	Salish
70	SapirMorris1939	noo	SPA	Nootka
70	SapirMorris1955	noo	SPA	Nootka
70	Jacobsen1969	noo	SPA	Nootka
71	Boas1947	kwk	SPA	Kwakiutl
71	Newman1950	kwk	SPA	Kwakiutl
72	Bloomfield1957	ojg	SPA	Ojibwa
73	Voegelin1946	unm	SPA	Delaware
74	Garvin1950	wic	SPA	Wichita
75	BoasDeloria1941	lkt	SPA	Dakota
76	Chafe1967	see	SPA	Seneca
77	Lounsbury1953	one	SPA	Oneida
78	Crawford1973	yuc	SPA	Yuchi
78	Ballard1975	yuc	SPA	Yuchi
79	Rand1968	akz	SPA	Alabama
80	Haas1941	tun	SPA	Tunica
81	Aoki1970	nez	SPA	Nez Perce
81	Aoki1970a	nez	SPA	Nez Perce
81	Aoki1966	nez	SPA	Nez Perce
82	Shipley1956	nmu	SPA	Maidu
82	Shipley1964	nmu	SPA	Maidu
83	Wonderly1951	zoh	SPA	Zoque
84	Aschmann1946	top	SPA	Totonac
85	Keller1959	chf	SPA	Chontal
86	Kaufman1971	tzh	SPA	Tzeltal
87	Foster1969	tsz	SPA	Tarascan
88	Bright1957	kyh	SPA	Karok
89	Moshinsky1974	pom	SPA	Pomo
90	Langdon1970	dih	SPA	Digueno
91	Newman1965	zun	SPA	Zuni
92	Trager1971	tix	SPA	Tiwa
93	HoijerDozier1949	tew	SPA	Tewa
94	Malecot1963	lui	SPA	Luiseno
94	KroeberGrace1960	lui	SPA	Luiseno
94	Bright1965	lui	SPA	Luiseno
94	Bright1968	lui	SPA	Luiseno
95	Whorf1946	hop	SPA	Hopi
95	Voegelin1956	hop	SPA	Hopi
96	Hale1959	ood	SPA	Pima
96	Saxton1963	ood	SPA	Pima
97	BlightEunice1976	ote	SPA	Otomi
98	Spotts1953	maz	SPA	Mazahua
98	Pike1951	maz	SPA	Mazahua
99	PikePike1947	maq	SPA	Mazateco
100	HunterPike1969	mig	SPA	Mixtec
101	LindskoogBrend1962	cbi	SPA	Cayapa
102	Gerdel1973	pbb	SPA	Paez
103	LiccardiGrimes1968	ito	SPA	Itonama
104	Bills_etal1969	quh	SPA	Quechua
104	Lastra1968	quh	SPA	Quechua
104	Lastra1968	quh	SPA	Quechua
104	Parker1969	quh	SPA	Quechua
105	Hardman1966	jqr	SPA	Aymara
106	EcheverriaContreras1965	arn	SPA	Araucanian
107	Taylor1955	crb	SPA	Island Carib
108	Tracy1972	wap	SPA	Wapishana
109	Holmer1949	guc	SPA	Goajiro
110	Dirks1953	cni	SPA	Campa
111	OttOtt1967	ign	SPA	Moxo
112	Fast1953	ame	SPA	Amuesha
113	BeasleyPike1957	jiv	SPA	Jivaro
114	StolteStolte1971	bao	SPA	Barasano
115	Anderson1959	tca	SPA	Ticuna
115	Anderson1962	tca	SPA	Ticuna
116	Peasgood1972	car	SPA	Carib
116	Hoff1968	car	SPA	Carib
117	AgnewPike1957	oca	SPA	Ocaina
118	Priest1968	srq	SPA	Siriono
119	GregoresSuarez1967	gug	SPA	Guarani
119	Lunt1973	gug	SPA	Guarani
119	Uldall1956	gug	SPA	Guarani
120	Osborn1948	amc	SPA	Amahuaca
121	Prost1967	cao	SPA	Chacobo
122	BurgessHam1968	apn	SPA	Apinaye
123	Applegate1958	rif	SPA	Shilha
124	KraftKraft1973	hau	SPA	Hausa
124	Greenberg1941	hau	SPA	Hausa
124	Abraham1959a	hau	SPA	Hausa
124	Abraham1959	hau	SPA	Hausa
124	Kraft1963	hau	SPA	Hausa
124	Hodge1947	hau	SPA	Hausa
124	HodgeUmaru1963	hau	SPA	Hausa
124	BraunerAshiwajn1965	hau	SPA	Hausa
124	KraftKirk-Greene1973	hau	SPA	Hausa
125	Burquest1971	anc	SPA	Angas
126	Hoffmann1963	mrt	SPA	Margi
127	Armstrong1964	som	SPA	Somali
127	Andrzejewsky1955	som	SPA	Somali
127	Andrzejewsky1956	som	SPA	Somali
128	Hetzron1969	awn	SPA	Awiya
129	Whiteley1958	irk	SPA	Iraqw
130	Palmer1962	tig	SPA	Tigre
131	Leslau1968	amh	SPA	Amharic
131	Klingenheben1966	amh	SPA	Amharic
131	Sumner1957	amh	SPA	Amharic
132	Mitchell1962	arz	SPA	Egyptian Arabic
132	Tomiche1964	arz	SPA	Egyptian Arabic
132	Kennedy1960	arz	SPA	Egyptian Arabic
133	Harrell1962	ary	SPA	Moroccan Arabic
133	Abdel-Massih1973	ary	SPA	Moroccan Arabic
133	Harrell1965	ary	SPA	Moroccan Arabic
134	Borg1973	mlt	SPA	Maltese
135	Chayen1973	heb	SPA	Modern Hebrew
135	CohenZafrani1968	heb	SPA	Modern Hebrew
136	Stevenson1957	xtc	SPA	Katcha
136	TuckerBryan1966	xtc	SPA	Katcha
137	Welmers1962	xpe	SPA	Kpelle
137	Welmers1973	xpe	SPA	Kpelle
138	Sauvageot1965	wol	SPA	Wolof
138	ManessySauvageot1963	wol	SPA	Wolof
138	Ward1963	wol	SPA	Wolof
139	WilsonBendor-Samuel1969	dag	SPA	Dagbani
140	Ladefoged1964	aka	SPA	Akan
140	SchachterFromkin1968	aka	SPA	Akan
140	Stewart1967	aka	SPA	Akan
140	Welmers1946	aka	SPA	Akan
141	Berry1951a	gaa	SPA	Ga
142	Stahlke1970	ewe	SPA	Ewe
142	Berry1951	ewe	SPA	Ewe
142	Ansre1961	ewe	SPA	Ewe
142	Ladefoged1964	ewe	SPA	Ewe
143	Williamson1969	ibo	SPA	Igbo
143	Carnochan1948	ibo	SPA	Igbo
143	Swift_etal1962	ibo	SPA	Igbo
143	Ladefoged1968	ibo	SPA	Igbo
143	Ward1936	ibo	SPA	Igbo
144	Jacquot1962	beq	SPA	Beembe
145	Polome1967	swh	SPA	Swahili
146	Horton1949	lue	SPA	Luvale
147	Doke1926	zul	SPA	Zulu
147	Doke1961	zul	SPA	Zulu
148	Samarin1966	gbp	SPA	Gbeya
149	Prost1956	ses	SPA	Songhai
150	Lukas1937	knc	SPA	Kanuri
151	Crazzolara1960	lgg	SPA	Logbara
151	TuckerBryan1966	lgg	SPA	Logbara
152	Bell1971	fia	SPA	Mahas-Fiyadikka
153	Gregersen1961	luo	SPA	Luo
154	TuckerMpaayei1955	mas	SPA	Maasai
154	TuckerBryan1966	mas	SPA	Maasai
155	Beach1938	naq	SPA	Nama
156	Fhailigh1968	gle	SPA	Irish Gaelic
156	Florence1970	gle	SPA	Irish Gaelic
157	Ternes1970	bre	SPA	Breton
158	Haugen1958	isl	SPA	Icelandic
158	Einarsson1949	isl	SPA	Icelandic
159	Vanvik1972	nob	SPA	Norwegian
159	Vanvik1972a	nob	SPA	Norwegian
160	OConner1973	eng	SPA	English
160	Gimson1962	eng	SPA	English
160	Halle1973	eng	SPA	English
160	Fudge1975	eng	SPA	English
160	Trnka1968	eng	SPA	English
161	Moulton1962	deu	SPA	German
161	Philipp1974	deu	SPA	German
161	Werner1972	deu	SPA	German
162	Sten1963	fra	SPA	French
163	Head1964	por	SPA	Portuguese
163	Camara1972	por	SPA	Portuguese
164	Navarro1961	spa	SPA	Spanish
164	Harris1969	spa	SPA	Spanish
164	SaportaContreras1962	spa	SPA	Spanish
165	Agard1958	ron	SPA	Rumanian
165	Ruhlen1973	ron	SPA	Rumanian
166	JonesWard1969	rus	SPA	Russian
166	Halle1959	rus	SPA	Russian
167	Aronson1968	bul	SPA	Bulgarian
167	Klagstad1958	bul	SPA	Bulgarian
168	Senn1966	lit	SPA	Lithuanian
168	Augustitis1964	lit	SPA	Lithuanian
168	Ambrazas_etal1966	lit	SPA	Lithuanian
169	Newmark1957	als	SPA	Albanian
170	Householder_etal1964	ell	SPA	Modern Greek
170	Newton1972	ell	SPA	Modern Greek
170	Kaisse1975	ell	SPA	Modern Greek
170	Kaisse1976	ell	SPA	Modern Greek
171	Allen1950	hye	SPA	Armenian
172	Obolensky_etal1963	pes	SPA	Persian
173	Shafeev1964	pst	SPA	Pashto
174	KelkarTrisal1964	kas	SPA	Kashimiri
175	GillGleason1963	pan	SPA	Punjabi
176	Kelkar1968	hin	SPA	Hindi-Urdu
176	VermeerSharma1966	hin	SPA	Hindi-Urdu
176	Pinnow1953	hin	SPA	Hindi-Urdu
176	Srivastava1969	hin	SPA	Hindi-Urdu
177	FergusonChowdhury1960	ben	SPA	Bengali
178	CoatesSilva1960	sin	SPA	Sinhalese
179	Ndiaye1970	eus	SPA	Basque
179	Gavel1929	eus	SPA	Basque
180	Lehtinen1964	fin	SPA	Finnish
180	Harms1964	fin	SPA	Finnish
180	Austerlitz1967	fin	SPA	Finnish
180	Hammarberg1974	fin	SPA	Finnish
180	Kiparsky1968	fin	SPA	Finnish
180	Harms1966	fin	SPA	Finnish
181	Ristinen1960	mhr	SPA	Cheremis
182	Lytkin1966	kpv	SPA	Komi
182	Bubrich1949	kpv	SPA	Komi
183	Kalman1972	hun	SPA	Hungarian
183	Banhidi_etal1965	hun	SPA	Hungarian
183	Hall1938	hun	SPA	Hungarian
183	Hall1944	hun	SPA	Hungarian
184	Gulya1966	kca	SPA	Ostyak
184	Steinitz1950	kca	SPA	Ostyak
184	Katz1975	kca	SPA	Ostyak
185	Hajdu1963	yrk	SPA	Yurak
185	Decsy1966	yrk	SPA	Yurak
185	Ristinen1965	yrk	SPA	Yurak
185	Ristinen1968	yrk	SPA	Yurak
185	Katz1975	yrk	SPA	Yurak
186	Swift1963	tur	SPA	Turkish
186	Lees1961	tur	SPA	Turkish
186	Underhill1976	tur	SPA	Turkish
187	HouseholderLofti1965	azj	SPA	Azerbaijani
188	HerbertPoppe1963	kir	SPA	Kirghiz
189	Kruger1961	chv	SPA	Chuvash
189	Andreev1966	chv	SPA	Chuvash
190	Krueger1962	sah	SPA	Yakut
190	Bohtlingk1964	sah	SPA	Yakut
191	Hangin1968	khk	SPA	Khalkha
191	Luvsanvandan1964	khk	SPA	Khalkha
191	Street1963	khk	SPA	Khalkha
192	Novikova1960	eve	SPA	Even
193	Krejnovich1968b	yux	SPA	Yukaghir
193	Krejnovich1958	yux	SPA	Yukaghir
194	Panfilov1962	niv	SPA	Gilyak
194	Panfilov1968	niv	SPA	Gilyak
195	Skorik1968	ckt	SPA	Chukchi
195	Skorik1961	ckt	SPA	Chukchi
196	Simeon1969	ain	SPA	Ainu
197	Bloch1950	jpn	SPA	Japanese
197	Martin1952	jpn	SPA	Japanese
197	Jorden1963	jpn	SPA	Japanese
198	Bouny1977	aal	UPSID	KOTOKO
199	Olmsted1964	acv	UPSID	ACHUMAWI
199	Olmsted1966	acv	UPSID	ACHUMAWI
200	Holzknecht1973	adz	UPSID	ADZERA
201	NO SOURCE GIVEN	aer	UPSID	ARRERNTE
202	Roberts1987	aey	UPSID	AMELE
203	Huisman1973	agm	UPSID	ANGAATIHA
203	Huisman_etal1981	agm	UPSID	ANGAATIHA
203	HuismanLloyd1981	agm	UPSID	ANGAATIHA
204	Hyman1979	agq	UPSID	AGHEM
205	Herault1971	ahp	UPSID	AIZI
206	Kari1979	aht	UPSID	AHTNA
206	KariBuck1975	aht	UPSID	AHTNA
207	Patrie1982	ain	UPSID	AINU
207	Simeon1969	ain	UPSID	AINU
208	Dolphyne1988	aka	UPSID	AKAN
208	Ladefoged1964	aka	UPSID	AKAN
208	SchachterFromkin1968	aka	UPSID	AKAN
208	Stewart1967	aka	UPSID	AKAN
208	Welmers1946	aka	UPSID	AKAN
209	Edwards1978	ake	UPSID	AKAWAIO
210	Rand1968	akz	UPSID	ALABAMA
211	Clairis1977	alc	UPSID	QAWASQAR
212	Duponchel1971	ald	UPSID	ALLADIAN
212	DumestreDuponchel1971	ald	UPSID	ALLADIAN
213	Bergsland1956	ale	UPSID	ALEUT
213	Bergsland1959	ale	UPSID	ALEUT
213	Jakobson1944	ale	UPSID	ALEUT
213	Menovshchikov1968	ale	UPSID	ALEUT
214	Sharpe1972	alh	UPSID	ALAWA
215	Newmark1957	als	UPSID	ALBANIAN
216	Osborn1948	amc	UPSID	AMAHUACA
217	Fast1953	ame	UPSID	AMUESHA
217	Wise1958	ame	UPSID	AMUESHA
218	Lydall1976	amf	UPSID	HAMER
219	Klingenheben1966	amh	UPSID	AMHARIC
219	Leslau1968	amh	UPSID	AMHARIC
219	Sumner1957	amh	UPSID	AMHARIC
220	Anderson1980	amo	UPSID	AMO
220	Di-Luzio1972	amo	UPSID	AMO
221	Bruce1984	amp	UPSID	ALAMBLAK
222	Bauernschmidt1965	amu	UPSID	AMUZGO
222	Longacre1966	amu	UPSID	AMUZGO
223	Burquest1971	anc	UPSID	ANGAS
224	Landaburu1979	ano	UPSID	ANDOKE
225	Douglas1955	ant	UPSID	WESTERN DESERT
225	Douglas1964	ant	UPSID	WESTERN DESERT
226	BurgessHam1968	apn	UPSID	APINAYE
227	Brown1914	apq	UPSID	ANDAMANESE
227	VoegelinVoegelin1966	apq	UPSID	ANDAMANESE
228	Kodzasov1977	aqc	UPSID	ARCHI
229	Rich1963	arl	UPSID	ARABELA
230	EcheverriaContreras1965	arn	UPSID	ARAUCANIAN
230	Key1978	arn	UPSID	ARAUCANIAN
231	Kennedy1960	arz	UPSID	ARABIC
231	Mitchell1962	arz	UPSID	ARABIC
231	Tomiche1964	arz	UPSID	ARABIC
232	SaintPike1962	auc	UPSID	AUCA
233	Charachidze1981	ava	UPSID	AVAR
233	Zhirkov1936	ava	UPSID	AVAR
234	Hetzron1969	awn	UPSID	AWIYA
235	Najlis1966	axb	UPSID	ABIPON
236	HouseholderLofti1965	azj	UPSID	AZERBAIJANI
237	Poppe1964	bak	UPSID	BASHKIR
238	Bird_etal1977	bam	UPSID	BAMBARA
239	StolteStolte1971	bao	UPSID	BARASANO
240	Welmers1952	bba	UPSID	BARIBA
241	vanderTuuk1971	bbc	UPSID	BATAK
242	Desheriev1953	bbl	UPSID	BATS
243	leBrisProst1981	bbo	UPSID	BOBO-FING
243	Morse1976	bbo	UPSID	BOBO-FING
244	Dell1981	bca	UPSID	BAI
245	Metcalfe1971	bcj	UPSID	BARDI
246	Cook1969a	bcs	UPSID	KOHUMONO
247	Verheijen1986	bdl	UPSID	SAMA
248	Cunningham1969	bdy	UPSID	BANDJALANG
249	Hudson1974	bej	UPSID	BEJA
249	Hudson1976	bej	UPSID	BEJA
250	FergusonChowdhury1960	ben	UPSID	BENGALI
251	Jacquot1962	beq	UPSID	BEEMBE
251	Jacquot1981	beq	UPSID	BEEMBE
252	WerleGbalehi1976	bev	UPSID	BETE
253	Naden1973b	bib	UPSID	BISA
253	Naden1973	bib	UPSID	BISA
254	Wheatley1973	bkq	UPSID	BAKAIRI
254	Wheatley1969	bkq	UPSID	BAKAIRI
255	Nater1984	blc	UPSID	BELLA COOLA
255	Newman1947	blc	UPSID	BELLA COOLA
256	WaltonWalton1967	bmr	UPSID	MUINANE
257	Bouquiaux1970	bom	UPSID	BIROM
257	Wolff1959	bom	UPSID	BIROM
258	Crowell1979	bor	UPSID	BORORO
259	Keller1976	brb	UPSID	BRAO
260	Bothorel1982	bre	UPSID	BRETON
260	Ternes1970	bre	UPSID	BRETON
261	De-Armond1975	brh	UPSID	BRAHUI
261	Emeneau1937	brh	UPSID	BRAHUI
261	Emeneau1962	brh	UPSID	BRAHUI
262	Thongkum1979	brv	UPSID	BRUU
263	Bhat1968	brx	UPSID	BODO
264	Morgenstierne1945	bsk	UPSID	BURUSHASKI
265	Aronson1968	bul	UPSID	BULGARIAN
265	Bidwell1968	bul	UPSID	BULGARIAN
265	Klagstad1958	bul	UPSID	BULGARIAN
265	Scatton1984	bul	UPSID	BULGARIAN
266	GlasgowGlasgow1967	bvr	UPSID	BURARRA
267	ParkerParker1974	byx	UPSID	BAINING
268	Arroyo1972	bzd	UPSID	BRIBRI
269	Chafe1976	cad	UPSID	CADDO
270	Stell1972	cag	UPSID	ASHUSLAY
271	Das1977	caq	UPSID	NICOBARESE
272	Hoff1968	car	UPSID	CARIB
272	Peasgood1972	car	UPSID	CARIB
273	LindskoogBrend1962	cbi	UPSID	CAYAPA
274	Diffloth1984	cbn	UPSID	NYAH KUR
274	Thongkum1984	cbn	UPSID	NYAH KUR
275	Anderton1989	cbv	UPSID	CACUA
275	Cathcart1979	cbv	UPSID	CACUA
276	Jiahua1960	cdo	UPSID	FUZHOU
277	Costenoble1940	cha	UPSID	CHAMORRO
277	Seiden1960	cha	UPSID	CHAMORRO
277	Topping1969	cha	UPSID	CHAMORRO
277	Topping1973	cha	UPSID	CHAMORRO
278	Li1932	chp	UPSID	CHIPEWYAN
278	Li1933	chp	UPSID	CHIPEWYAN
278	Li1946	chp	UPSID	CHIPEWYAN
279	Robbins1968	chq	UPSID	HIGHLAND CHINANTEC
279	Robbins1975	chq	UPSID	HIGHLAND CHINANTEC
279	Robbins1961	chq	UPSID	HIGHLAND CHINANTEC
280	BenderBender1946	chr	UPSID	CHEROKEE
280	Walker1975	chr	UPSID	CHEROKEE
280	Cook1979	chr	UPSID	CHEROKEE
281	Kruger1961	chv	UPSID	CHUVASH
282	Blood1967	cja	UPSID	CHAM
283	Kinkade1963	cjh	UPSID	UPPER CHEHALIS
284	Thurman1970	cjv	UPSID	CHUAVE
285	Skorik1961	ckt	UPSID	CHUKCHI
285	Skorik1968	ckt	UPSID	CHUKCHI
286	Chao1968	cmn	UPSID	MANDARIN
286	Cheng1973b	cmn	UPSID	MANDARIN
286	Dow1972	cmn	UPSID	MANDARIN
286	Jiahua1960	cmn	UPSID	MANDARIN
286	Karlgren1926	cmn	UPSID	MANDARIN
286	Hanyu1960	cmn	UPSID	MANDARIN
287	Liang1984	cnh	UPSID	LAI
287	Liang1984b	cnh	UPSID	LAI
287	OuyangZheng1980	cnh	UPSID	LAI
287	OuyangZheng1963	cnh	UPSID	LAI
288	Dirks1953	cni	UPSID	CAMPA
288	Payne1981	cni	UPSID	CAMPA
289	Borman1962	con	UPSID	COFAN
290	Santos1977	cou	UPSID	KONYAGI
291	Wang1985	cqd	UPSID	HMONG
291	Wang1983	cqd	UPSID	HMONG
291	Purnell1972	cqd	UPSID	HMONG
292	Taylor1955	crb	UPSID	ISLAND CARIB
293	Henderson1965	ctd	UPSID	TIDDIM CHIN
294	Pride1965	ctp	UPSID	CHATINO
295	Salser1971	cub	UPSID	CUBEO
296	Key1961	cyb	UPSID	CAYUVAVA
297	Fedry1977	daa	UPSID	DANGALEAT
298	BearthZemp1967	daf	UPSID	DAN
299	WilsonBendor-Samuel1969	dag	UPSID	DAGBANI
300	Thelwall1981	daj	UPSID	DAJU
300	TuckerBryan1966	daj	UPSID	DAJU
301	Tucker_etal1977	dal	UPSID	DAHALO
301	Nurse1986	dal	UPSID	DAHALO
302	Ray1967	dap	UPSID	DAFLA
303	Dixon1972	dbl	UPSID	DYIRBAL
304	Moulton1962	deu	UPSID	GERMAN
304	Wangler1972	deu	UPSID	GERMAN
305	Austin1981	dif	UPSID	DIYARI
306	Langdon1970	dih	UPSID	DIEGUENO
307	Andersen1987	dip	UPSID	DINKA
307	Malou1988	dip	UPSID	DINKA
308	Bromley1961	dni	UPSID	DANI
308	vanderStap1966	dni	UPSID	DANI
309	GuoqiaoYang1988	doc	UPSID	KAM
310	Wiering1974	dow	UPSID	DOAYO
311	Li1973	dru	UPSID	RUKAI
311	Li1977-dru	dru	UPSID	RUKAI
312	Anonymous1982	dta	UPSID	DAGUR
313	Bendor-Samuel_etal1989	dts	UPSID	DOGON
313	Morphy1983	duj	UPSID	YOLNGU
314	RoseMorphy1982	duj	UPSID	YOLNGU
315	Sapir1965	dyo	UPSID	DIOLA
316	Cook1969b	efi	UPSID	EFIK
317	Doble1962	ekg	UPSID	EKARI
317	Doble1987	ekg	UPSID	EKARI
317	Steltenpool1969	ekg	UPSID	EKARI
318	Householder_etal1964	ell	UPSID	GREEK
318	Newton1972	ell	UPSID	GREEK
318	Pring1967	ell	UPSID	GREEK
319	Krauss1975	ess	UPSID	YUPIK
320	Watters1981	etu	UPSID	EJAGHAM
321	Gavel1929	eus	UPSID	BASQUE
321	Ndiaye1970	eus	UPSID	BASQUE
322	Novikova1960	eve	UPSID	EVEN
323	Ladefoged1964	ewe	UPSID	EWE
323	Stahlke1970	ewe	UPSID	EWE
323	Berry1951	ewe	UPSID	EWE
324	Abega1970	ewo	UPSID	EWONDO
324	NnomoMbezele1982	ewo	UPSID	EWONDO
324	Redden1979	ewo	UPSID	EWONDO
325	Krauss1965	eya	UPSID	EYAK
326	LoewekeMay1964	faa	UPSID	FASU
327	Bell1968	fia	UPSID	NUBIAN
327	Bell1971	fia	UPSID	NUBIAN
327	Stevenson1957	fia	UPSID	NUBIAN
328	Dixon1988	fij	UPSID	FIJIAN
329	Austerlitz1967	fin	UPSID	FINNISH
329	Hammarberg1974	fin	UPSID	FINNISH
329	Harms1964	fin	UPSID	FINNISH
329	Harms1966	fin	UPSID	FINNISH
329	Lehtinen1964	fin	UPSID	FINNISH
330	Hyman1972	fmp	UPSID	FE?FE?
331	Sten1963	fra	UPSID	FRENCH
332	Lapenda1968	fun	UPSID	IATE
333	Beaton1968	fvr	UPSID	FUR
333	TuckerTucker1966	fvr	UPSID	FUR
334	Li1977	fwa	UPSID	PO-AI
335	Berry1951a	gaa	UPSID	GA
336	FrantzFrantz1966	gaj	UPSID	GADSUP
337	Furby1974	gbc	UPSID	GARAWA
338	MoninoRoulon1972	gbp	UPSID	GBEYA
338	Samarin1966	gbp	UPSID	GBEYA
339	HymanMagaji1970	gbr	UPSID	GWARI
340	He1983	gio	UPSID	GELAO
340	He1981	gio	UPSID	GELAO
341	Avrorin1968	gld	UPSID	NANAI
342	Fhailigh1968	gle	UPSID	IRISH
342	Sommerfelt1964	gle	UPSID	IRISH
342	Brothers1905	gle	UPSID	IRISH
343	Allan1976a	gmo	UPSID	KULLO
344	Holmer1949	guc	UPSID	GUAJIRO
344	Mansen1967	guc	UPSID	GUAJIRO
345	GregoresSuarez1967	gug	UPSID	GUARANI
345	Lunt1973	gug	UPSID	GUARANI
345	Uldall1956	gug	UPSID	GUARANI
346	KondoKondo1967	guh	UPSID	GUAHIBO
347	BranksBranks1973	gum	UPSID	GUAMBIANO
347	Caudmont1964	gum	UPSID	GUAMBIANO
348	Susnik1974	guq	UPSID	ACHE
349	Oates1964	gvn	UPSID	GUGU-YALANDYI
349	OatesOates1964	gvn	UPSID	GUGU-YALANDYI
349	Wurm1972a	gvn	UPSID	GUGU-YALANDYI
350	Hashimoto1973	hak	UPSID	HAKKA
351	Abraham1934	hau	UPSID	HAUSA
351	Abraham1959	hau	UPSID	HAUSA
351	Abraham1959a	hau	UPSID	HAUSA
351	BraunerAshiwajn1965	hau	UPSID	HAUSA
351	Greenberg1941	hau	UPSID	HAUSA
351	Hodge1947	hau	UPSID	HAUSA
351	HodgeUmaru1963	hau	UPSID	HAUSA
351	Kraft1963	hau	UPSID	HAUSA
351	KraftKirk-Greene1973	hau	UPSID	HAUSA
351	KraftKraft1973	hau	UPSID	HAUSA
351	Taylor1959	hau	UPSID	HAUSA
352	PukuiElbert1965	haw	UPSID	HAWAIIAN
352	ElbertPukui1979	haw	UPSID	HAWAIIAN
352	Schutz1981	haw	UPSID	HAWAIIAN
353	Sapir1923	hdn	UPSID	HAIDA
354	Kelkar1968	hin	UPSID	HINDI-URDU
354	Ohala1983	hin	UPSID	HINDI-URDU
354	Pinnow1953	hin	UPSID	HINDI-URDU
354	Srivastava1969	hin	UPSID	HINDI-URDU
354	VermeerSharma1966	hin	UPSID	HINDI-URDU
355	Derbyshire1985	hix	UPSID	HIXKARYANA
356	KluckhohnMacLeish1955	hop	UPSID	HOPI
356	Voegelin1956	hop	UPSID	HOPI
356	Whorf1946	hop	UPSID	HOPI
357	DempwolffND	hts	UPSID	HADZA
357	TuckerMpaayei1955	hts	UPSID	HADZA
358	Banhidi_etal1965	hun	UPSID	HUNGARIAN
358	Hall1938	hun	UPSID	HUNGARIAN
358	Hall1944	hun	UPSID	HUNGARIAN
358	Kalman1972	hun	UPSID	HUNGARIAN
359	Golla1970	hup	UPSID	HUPA
359	Woodward1964	hup	UPSID	HUPA
360	LarsenPike1949	hus	UPSID	HUASTECO
360	Ochoa-Peralta1984	hus	UPSID	HUASTECO
361	Stairs_etal1981	huv	UPSID	HUAVE
361	Suarez1975	huv	UPSID	HUAVE
362	Allen1950	hye	UPSID	ARMENIAN
363	Haudricourt1971	iai	UPSID	IAI
363	Ozanne-Rivierre1976	iai	UPSID	IAI
363	Tryon1968	iai	UPSID	IAI
364	Kuala1981	iba	UPSID	IBAN
364	Scott1957	iba	UPSID	IBAN
365	Carnochan1948	ibo	UPSID	IGBO
365	Ladefoged1964	ibo	UPSID	IGBO
365	Ladefoged1976	ibo	UPSID	IGBO
365	Swift_etal1962	ibo	UPSID	IGBO
365	Ward1936	ibo	UPSID	IGBO
365	Williamson1969	ibo	UPSID	IGBO
366	OttOtt1967	ign	UPSID	MOXO
367	Williamson1965	ijc	UPSID	KOLOKUMA IJO
368	Heine1975b	ikx	UPSID	IK
369	Voorhoeve1989	irh	UPSID	IRARUTU
370	Whiteley1958	irk	UPSID	IRAQW
371	Meader1967	irn	UPSID	IRANXE
372	Donwa1982	iso	UPSID	ISOKO
373	Volodin1976	itl	UPSID	ITELMEN
374	LiccardiGrimes1968	ito	UPSID	ITONAMA
375	Mao_etal1982	ium	UPSID	MIEN
375	Purnell1965	ium	UPSID	MIEN
376	CottleCottle1958	ivv	UPSID	IVATAN
376	HeyeHeye1967	ivv	UPSID	IVATAN
376	HidalgoHidalgo1971	ivv	UPSID	IVATAN
377	Laycock1965	iwm	UPSID	IWAM
378	Craig1977	jac	UPSID	JACALTEC
378	Day1973	jac	UPSID	JACALTEC
379	HuttarKirton1981	jao	UPSID	YANYUWA
379	Kirton1967	jao	UPSID	YANYUWA
379	KirtonCharlie1978	jao	UPSID	YANYUWA
380	Fagan1988	jav	UPSID	JAVANESE
380	Horne1961	jav	UPSID	JAVANESE
380	Herrfurth1964	jav	UPSID	JAVANESE
380	Uhlenbeck1963	jav	UPSID	JAVANESE
381	Bendor-Samuel1961	jeb	UPSID	JEBERO
382	FlemingDennis1977	jic	UPSID	TOL
383	BeasleyPike1957	jiv	UPSID	JIVARO
384	Bloch1950	jpn	UPSID	JAPANESE
384	Jorden1963	jpn	UPSID	JAPANESE
384	Martin1952	jpn	UPSID	JAPANESE
384	Shibatani1990	jpn	UPSID	JAPANESE
385	Hardman1966	jqr	UPSID	JAQARU
385	Hardman1983	jqr	UPSID	JAQARU
386	DurbinSeijas1972	jru	UPSID	JAPRERIA
387	Liu1964	kac	UPSID	JINGPHO
388	Kleinschmidt1851	kal	UPSID	INUIT
388	Rischel1974	kal	UPSID	INUIT
388	Thalbitzer1904	kal	UPSID	INUIT
389	Bhat1987	kas	UPSID	KASHMIRI
389	KelkarTrisal1964	kas	UPSID	KASHMIRI
389	Zakharin1974	kas	UPSID	KASHMIRI
389	ZakharinEdelman1971	kas	UPSID	KASHMIRI
390	Neisser1953	kat	UPSID	GEORGIAN
390	RobinsWaterson1952	kat	UPSID	GEORGIAN
390	Selmer1935	kat	UPSID	GEORGIAN
390	Tschenkeli1958	kat	UPSID	GEORGIAN
390	Vogt1938	kat	UPSID	GEORGIAN
390	Vogt1958	kat	UPSID	GEORGIAN
390	Vogt1971	kat	UPSID	GEORGIAN
391	Kuipers1960	kbd	UPSID	KABARDIAN
392	Howard1976	kbh	UPSID	CAMSA
392	Howard1972	kbh	UPSID	CAMSA
392	Mongui1981	kbh	UPSID	CAMSA
393	Dutton1969	kbk	UPSID	KOIARI
394	Fleming1976	kbr	UPSID	KEFA
395	Voorhoeve1971	kbv	UPSID	DERA
396	Gulya1966	kca	UPSID	KHANTY
396	Katz1975	kca	UPSID	KHANTY
396	Steinitz1950	kca	UPSID	KHANTY
397	Freeze1975	kek	UPSID	K'EKCHI
397	Haeseriju1966	kek	UPSID	K'EKCHI
398	Ebert1976	ker	UPSID	KERA
398	Ebert1979	ker	UPSID	KERA
399	Dulzon1968	ket	UPSID	KET
399	Krejnovich1968	ket	UPSID	KET
400	Emeneau1944	kfe	UPSID	KOTA
401	Tyler1969	kff	UPSID	KOYA
402	Henry1935	kgp	UPSID	KAINGANG
402	Kindell1972	kgp	UPSID	KAINGANG
402	Wiesemann1972	kgp	UPSID	KAINGANG
403	Rabel1961	kha	UPSID	KHASI
404	Li1964	khb	UPSID	LUE
405	Hangin1968	khk	UPSID	KHALKHA
405	Luvsanvandan1964	khk	UPSID	KHALKHA
405	Street1963	khk	UPSID	KHALKHA
405	Svantesson1985	khk	UPSID	KHALKHA
406	Counts1969	khl	UPSID	KALIAI
407	Ehrman1972	khm	UPSID	KHMER
407	Huffman1970a	khm	UPSID	KHMER
407	Huffman1970b	khm	UPSID	KHMER
407	Jacob1968	khm	UPSID	KHMER
408	Biligiri1965	khr	UPSID	KHARIA
408	Pinnow1959	khr	UPSID	KHARIA
409	Sivertsen1956	kio	UPSID	KIOWA
409	WatkinsMcKenzie1984	kio	UPSID	KIOWA
409	Harrington1928	kio	UPSID	KIOWA
410	HerbertPoppe1963	kir	UPSID	KIRGHIZ
410	Junusaliev1966	kir	UPSID	KIRGHIZ
411	Wurm1977	kjd	UPSID	SOUTHERN KIWAI
412	Svantesson1983	kjg	UPSID	KHMU?
413	Miller1966	kjq	UPSID	ACOMA
414	FranklinFranklin1962	kjs	UPSID	KEWA
415	Paulian1975	kkw	UPSID	TEKE
416	Barker1964	kla	UPSID	KLAMATH
417	Singler1979	klu	UPSID	KLAO
418	Kooyers_etal1971	kmo	UPSID	KWOMA
419	AbdullaMcCarus1967	kmr	UPSID	KURDISH
420	Newman1974	kna	UPSID	KANAKURU
421	Awobuluyi1971	knc	UPSID	KANURI
421	Hutchison1981	knc	UPSID	KANURI
421	Lukas1937	knc	UPSID	KANURI
422	Gajendragadkar1970	knn	UPSID	KONKANI
422	Madtha1984	knn	UPSID	KONKANI
422	Major1979	knn	UPSID	KONKANI
423	Cho1967	kor	UPSID	KOREAN
423	Kim1972	kor	UPSID	KOREAN
423	Kim1986	kor	UPSID	KOREAN
423	Martin1951	kor	UPSID	KOREAN
423	Martin1954	kor	UPSID	KOREAN
423	MartinLee1969	kor	UPSID	KOREAN
424	Shimizu1971	kpk	UPSID	KPAN
425	Manley1972	kpm	UPSID	SRE
426	Bubrix1949	kpv	UPSID	KOMI
426	Lytkin1966	kpv	UPSID	KOMI
427	Zhukova1980	kpy	UPSID	KORYAK
428	Montgomery1970	kpz	UPSID	SEBEI
429	Pfeiffer1972	kru	UPSID	KURUKH
429	Pinnow1964	kru	UPSID	KURUKH
430	Jones1961	ksw	UPSID	KAREN
431	Blake1979	ktg	UPSID	KALKATUNGU
432	Snyman1970	ktz	UPSID	!XU
432	Snyman1975	ktz	UPSID	!XU
433	TuckerBryan1966	kun	UPSID	KUNAMA
434	Pence1966	kup	UPSID	KUNIMAIPA
435	Sherzer1983	kvn	UPSID	CUNA
436	Keesing1985	kwd	UPSID	KWAIO
437	Boas1911	kwk	UPSID	KWAKW'ALA
437	Boas1947	kwk	UPSID	KWAKW'ALA
437	Grubb1977	kwk	UPSID	KWAKW'ALA
437	Newman1950	kwk	UPSID	KWAKW'ALA
438	Bright1957	kyh	UPSID	KAROK
439	Haudricourt1967	lbc	UPSID	LAKKIA
440	Khajdakov1966	lbe	UPSID	LAK
440	Murkelinskij1967	lbe	UPSID	LAK
440	Zhirkov1955	lbe	UPSID	LAK
441	Hofftmann1971	lef	UPSID	LELEMI
442	Anderson1986	lgg	UPSID	LUGBARA
442	Crazzolara1960	lgg	UPSID	LUGBARA
442	TuckerBryan1966	lgg	UPSID	LUGBARA
443	Matisoff1973	lhu	UPSID	LAHU
444	Ambrazas_etal1966	lit	UPSID	LITHUANIAN
444	Augustitis1964	lit	UPSID	LITHUANIAN
444	Senn1966	lit	UPSID	LITHUANIAN
445	BoasDeloria1941	lkt	UPSID	DAKOTA
446	Sachnine1982	lme	UPSID	LAME
447	Bright1965	lui	UPSID	LUISENO
447	Bright1968	lui	UPSID	LUISENO
447	Hyde1971	lui	UPSID	LUISENO
447	KroeberGrace1960	lui	UPSID	LUISENO
447	Malecot1963	lui	UPSID	LUISENO
448	Gregersen1961	luo	UPSID	LUO
449	Snyder1968	lut	UPSID	LUSHOOTSEED
450	Jamieson1976	maq	UPSID	MAZATEC
450	Jamieson1976b	maq	UPSID	MAZATEC
450	PikePike1947	maq	UPSID	MAZATEC
451	TuckerBryan1966	mas	UPSID	MAASAI
451	TuckerMpaayei1955	mas	UPSID	MAASAI
452	Pike1951	maz	UPSID	MAZAHUA
452	Spotts1953	maz	UPSID	MAZAHUA
453	Gudschinsky_etal1970	mbl	UPSID	MAXAKALI
454	PerrinHill1969	mcu	UPSID	MAMBILA
455	Hagege1970	mdd	UPSID	MBUM
456	TuckerBryan1966	mde	UPSID	MABA
457	Allan1976b	mdx	UPSID	DIZI
458	Pasch1986	mfc	UPSID	MBA-NE
459	Weiers1971	mhj	UPSID	MOGHOL
460	Ristinen1960	mhr	UPSID	MARI
461	HunterPike1969	mig	UPSID	MIXTEC
462	Todaeva1973	mjg	UPSID	MONGUOR
463	Austin1962	mnc	UPSID	MANCHU
464	Laycock1978	mhz	UPSID	MOR
465	BlackBlack1971	mor	UPSID	MORO
465	Schadeberg1981a	mor	UPSID	MORO
466	Birk1975	mpb	UPSID	MALAKMALAK
466	Tryon1974	mpb	UPSID	MALAKMALAK
467	CapellHinch1970	mph	UPSID	MAUNG
468	MacDonald1973	mps	UPSID	DADIBI
469	Voorhoeve1982	mqs	UPSID	WEST MAKIAN
469	Watuseke1976	mqs	UPSID	WEST MAKIAN
470	Hoffmann1963	mrt	UPSID	MARGI
470	Maddieson1987	mrt	UPSID	MARGI
471	McKaughan1958	mrw	UPSID	MARANAO
471	McKaughanMacaraya1967	mrw	UPSID	MARANAO
472	Crawford1963	mto	UPSID	MIXE
472	SchoenhalsSchoenhals1965	mto	UPSID	MIXE
473	Arensen1982	mur	UPSID	MURSI
473	TurtonBender1976	mur	UPSID	MURSI
474	StreetMollinjin1981	mwf	UPSID	MURINHPATHA
475	Kennedy1981	mwp	UPSID	KALA LAGAW YA
475	Wurm1972a	mwp	UPSID	KALA LAGAW YA
476	Okell1969	mya	UPSID	BURMESE
477	Everett1982	myp	UPSID	PIRAHA
477	Rodrigues1980	myp	UPSID	PIRAHA
477	Sheldon1974	myp	UPSID	PIRAHA
478	Shimizu1983	mzm	UPSID	MUMUYE
479	JudyJudy1962	mzp	UPSID	MOVIMA
480	Price1976	nab	UPSID	SOUTHERN NAMBIQUARA
481	Jiahua1960	nan	UPSID	XIAMEN
482	Beach1938	naq	UPSID	NAMA
482	LadefogedTraill1980	naq	UPSID	NAMA
483	HurdHurd1966	nas	UPSID	NASIOI
484	SapirHoijer1967	nav	UPSID	NAVAJO
485	Bradley1975	nbf	UPSID	NAXI
485	Jiang1980	nbf	UPSID	NAXI
486	Brockway1963	ncj	UPSID	NAHUATL
486	Law1955	ncj	UPSID	NAHUATL
486	SchumannGarcia1966	ncj	UPSID	NAHUATL
487	Gueye1986	ndv	UPSID	NDUT
488	Bandhu_etal1971	nep	UPSID	NEPALI
489	HaleHale1969	new	UPSID	NEWARI
489	Manandhar1986	new	UPSID	NEWARI
490	Aoki1966	nez	UPSID	NEZ PERCE
490	Aoki1970	nez	UPSID	NEZ PERCE
490	Aoki1970a	nez	UPSID	NEZ PERCE
491	Schuh1972	ngi	UPSID	NGIZIM
492	Hyman1981	nhu	UPSID	NONI
493	Boyeldieu1985	nie	UPSID	LUA
494	Castren1966	nio	UPSID	NGANASAN
494	Tereshchenko1966b	nio	UPSID	NGANASAN
494	Tereshchenko1979	nio	UPSID	NGANASAN
495	Anceaux1965	nir	UPSID	NIMBORAN
496	Austerlitz1956	niv	UPSID	NIVKH
496	Krejnovich1937	niv	UPSID	NIVKH
496	Panfilov1962	niv	UPSID	NIVKH
496	Panfilov1968	niv	UPSID	NIVKH
496	ZinderMatusevich1937	niv	UPSID	NIVKH
497	Gurubasave-Gowda1972	njo	UPSID	AO
497	Gurubasave-Gowda1975	njo	UPSID	AO
498	Shipley1956	nmu	UPSID	MAIDU
498	Shipley1964	nmu	UPSID	MAIDU
499	Vanvik1972	nob	UPSID	NORWEGIAN
500	Jacobsen1969	noo	UPSID	TSESHAHT
500	SapirMorris1939	noo	UPSID	TSESHAHT
500	SapirMorris1955	noo	UPSID	TSESHAHT
501	Bender1968	nrb	UPSID	NERA
501	Thompson1976	nrb	UPSID	NERA
502	Li1977	nut	UPSID	LUNGCHOW
503	HughesLeeding1971	nuy	UPSID	NUNGGUBUYU
504	Stevenson1957	nyi	UPSID	NYIMANG
504	TuckerBryan1966	nyi	UPSID	NYIMANG
505	Heine1975a	nyp	UPSID	NYANGI
506	AgnewPike1957	oca	UPSID	OCAINA
507	Williamson1972	ogb	UPSID	OGBIA
507	Williamson1970	ogb	UPSID	OGBIA
508	Bloomfield1957	ojg	UPSID	OJIBWA
509	Hale1959	ood	UPSID	PAPAGO
509	Saxton1963	ood	UPSID	PAPAGO
510	Efimov1986	oru	UPSID	ORMURI
511	Watson1964	pac	UPSID	PACOH
512	Holt1986	pay	UPSID	PAYA
513	Gerdel1973	pbb	UPSID	PAEZ
514	Cauty1974	pbh	UPSID	PANARE
514	Cauty1974b	pbh	UPSID	PANARE
514	Cauty1978	pbh	UPSID	PANARE
515	Gedney1965	pcc	UPSID	YAY
516	Obolensky_etal1963	pes	UPSID	FARSI
517	Dahl1952	plt	UPSID	MALAGASY
517	Dyen1971	plt	UPSID	MALAGASY
518	Moshinsky1974	pom	UPSID	POMO
519	Rehg1981	pon	UPSID	POHNPEIAN
519	Rehg1984	pon	UPSID	POHNPEIAN
519	Rehg1984a	pon	UPSID	POHNPEIAN
520	Diffloth1980	prk	UPSID	PARAUK
520	MaddiesonLadefoged1985	prk	UPSID	PARAUK
520	QiuNie1980	prk	UPSID	PARAUK
521	Grjunberg1987	pst	UPSID	PASHTO
521	Penzl1955	pst	UPSID	PASHTO
521	Shafeev1964	pst	UPSID	PASHTO
522	Ferrel1982	pwn	UPSID	PAIWAN
522	Ho1977	pwn	UPSID	PAIWAN
523	Cooke_etal1976	pww	UPSID	PHLONG
524	Bills_etal1969	quh	UPSID	QUECHUA
524	Lastra1968	quh	UPSID	QUECHUA
524	Parker1969	quh	UPSID	QUECHUA
525	Powell1975	qui	UPSID	QUILEUTE
526	Allin1976	rgr	UPSID	RESIGARO
527	Agard1958	ron	UPSID	ROMANIAN
527	Tataru1978	ron	UPSID	ROMANIAN
527	Ruhlen1973	ron	UPSID	ROMANIAN
528	Firchow1969	roo	UPSID	ROTOKAS
529	Bluhme1970	rro	UPSID	RORO
529	Davis1974	rro	UPSID	RORO
530	Halle1959	rus	UPSID	RUSSIAN
530	JonesWard1969	rus	UPSID	RUSSIAN
531	Dzhejranishvili1967	rut	UPSID	RUTUL
531	Ibragimov1978	rut	UPSID	RUTUL
532	Dempwolff1916	sad	UPSID	SANDAWE
532	Elderkin1982	sad	UPSID	SANDAWE
532	Tucker_etal1977	sad	UPSID	SANDAWE
533	Samarin1967a	sag	UPSID	SANGO
533	Samarin1967b	sag	UPSID	SANGO
534	Bohtlingk1964	sah	UPSID	YAKUT
534	Krueger1962	sah	UPSID	YAKUT
534	Ubrjatova1966	sah	UPSID	YAKUT
535	Smith1968	sed	UPSID	SEDANG
536	Chafe1967	see	UPSID	SENECA
537	Welmers1950	sef	UPSID	SENADI
538	Katz1975a	sel	UPSID	SELKUP
539	Prost1956	ses	UPSID	SONGHAI
539	Williamson1967	ses	UPSID	SONGHAI
540	Cowan1965	set	UPSID	SENTANI
541	MigliazzaGrimes1961	shb	UPSID	SHIRIANA
542	Applegate1958	shi	UPSID	SHILHA
543	Kuipers1974	shs	UPSID	SHUSWAP
544	Silver1964	sht	UPSID	SHASTA
545	CoatesSilva1960	sin	UPSID	SINHALESE
546	Harms1984	sja	UPSID	EPENA PEDEE
546	Harms1985	sja	UPSID	EPENA PEDEE
547	Broadbent1964	skd	UPSID	SIERRA MIWOK
547	Freeland1951	skd	UPSID	SIERRA MIWOK
548	Benaissa1979	slc	UPSID	SALIBA
549	Hasselbrink1965	sma	UPSID	SAAMI
549	Kert1971	sma	UPSID	SAAMI
550	WheelerWheeler1962	snn	UPSID	SIONA
551	Clayre1973	snv	UPSID	SA'BAN
552	Andrzejewsky1955	som	UPSID	SOMALI
552	Andrzejewsky1956	som	UPSID	SOMALI
552	Armstrong1964	som	UPSID	SOMALI
552	Cardona1981	som	UPSID	SOMALI
552	Farnetani1981	som	UPSID	SOMALI
553	Harris1969	spa	UPSID	SPANISH
553	Navarro1961	spa	UPSID	SPANISH
553	SaportaContreras1962	spa	UPSID	SPANISH
554	McElhanon1970a	spl	UPSID	SELEPET
554	McElhanon1970b	spl	UPSID	SELEPET
555	Johnstone1975	sqt	UPSID	SOCOTRI
555	Leslau1938	sqt	UPSID	SOCOTRI
556	Priest1968	srq	UPSID	SIRIONO
557	Wurm1972b	stc	UPSID	NAMBAKAENGO
558	Wilson1969	sue	UPSID	SUENA
559	Todd1975	svs	UPSID	SAVOSAVO
560	Li1948	swi	UPSID	SUI
561	Mazaudon1973	taj	UPSID	TAMANG
562	Egerod1966	tay	UPSID	ATAYAL
563	Hanke1956	tba	UPSID	HUARI
564	TuckerBryan1966	tbi	UPSID	TABI
565	Anderson1962	tca	UPSID	TICUNA
565	Anderson1959	tca	UPSID	TICUNA
566	Bhat1967	tcy	UPSID	TULU
567	Gerzenstein1968	teh	UPSID	TEHUELCHE
568	Kelley1963	tel	UPSID	TELUGU
568	Kostic_etal1977	tel	UPSID	TELUGU
568	Krishnamurti1961	tel	UPSID	TELUGU
568	Lisker1963	tel	UPSID	TELUGU
568	Sastry1972	tel	UPSID	TELUGU
569	Dalby1966	tem	UPSID	TEMNE
569	Wilson1961	tem	UPSID	TEMNE
570	TuckerBryan1966	teq	UPSID	TEMEIN
571	Morris1984	tet	UPSID	TETUN
572	Beaumont1979	tgc	UPSID	TIGAK
573	Bloomfield1917	tgl	UPSID	TAGALOG
573	SchachterOtanes1972	tgl	UPSID	TAGALOG
574	Abramson1962	tha	UPSID	THAI
574	Haas1956	tha	UPSID	THAI
574	Haas1964	tha	UPSID	THAI
574	Kruatrachue1960	tha	UPSID	THAI
574	Noss1954	tha	UPSID	THAI
574	Noss1964	tha	UPSID	THAI
575	Prasse1972	thv	UPSID	TAMASHEQ
576	Klingenheben1966	tig	UPSID	TIGRE
576	Palmer1962	tig	UPSID	TIGRE
577	Osborne1974	tiw	UPSID	TIWI
577	Lee1983	tiw	UPSID	TIWI
577	Lee1984	tiw	UPSID	TIWI
578	Post1966	tiy	UPSID	TIRURAY
578	Schlegel1971	tiy	UPSID	TIRURAY
579	StoryNaish1973	tli	UPSID	TLINGIT
579	Swanton1909	tli	UPSID	TLINGIT
579	Swanton1911	tli	UPSID	TLINGIT
580	Schadeberg1981b	tlo	UPSID	JOMANG
581	TuckerBryan1966	tma	UPSID	TAMA
582	Voorhoeve1965	tml	UPSID	ASMAT
583	Key1968	tna	UPSID	TACANA
583	Van-Wynen1962	tna	UPSID	TACANA
584	Lynch1978	tnl	UPSID	LENAKEL
585	Aschmann1946	top	UPSID	TOTONAC
586	Bergman_etal1969	tpm	UPSID	TAMPULMA
587	Suarez1983	tpx	UPSID	TLAPANEC
588	Trumai1975	tpy	UPSID	TRUMAI
589	Brown1973	tqo	UPSID	TAORIPI
590	Hoijer1946	tqw	UPSID	TONKAWA
590	Hoijer1949	tqw	UPSID	TONKAWA
590	Hoijer1972	tqw	UPSID	TONKAWA
591	Garbell1965	trg	UPSID	NEO-ARAMAIC
592	Dunn1978	tsi	UPSID	TSIMSHIAN
592	Dunn1979	tsi	UPSID	TSIMSHIAN
592	Hoard1978	tsi	UPSID	TSIMSHIAN
592	Mulder1988	tsi	UPSID	TSIMSHIAN
593	Tung1964	tsu	UPSID	TSOU
594	Foster1969	tsz	UPSID	TARASCAN
594	Friedrich1975	tsz	UPSID	TARASCAN
595	Newman1970	ttr	UPSID	TERA
596	Haas1941	tun	UPSID	TUNICA
597	Lees1961	tur	UPSID	TURKISH
597	Swift1963	tur	UPSID	TURKISH
598	HoijerDozier1949	twf	UPSID	PICURIS
598	Trager1971	twf	UPSID	PICURIS
599	Sat1966	tyv	UPSID	TUVA
599	Seglenmej1979	tyv	UPSID	TUVA
599	Song1982	tyv	UPSID	TUVA
600	Kaufman1971	tzh	UPSID	TZELTAL
601	CoateElkin1974	ung	UPSID	NGARINJIN
602	GumperzBilibiri1957	unr	UPSID	MUNDARI
602	Pinnow1959	unr	UPSID	MUNDARI
603	Sjoberg1963	uzn	UPSID	UZBEK
603	Sjoberg1962	uzn	UPSID	UZBEK
604	Ross1980	vam	UPSID	VANIMO
605	Nguyen1974	vie	UPSID	VIETNAMESE
605	Thompson1965	vie	UPSID	VIETNAMESE
606	Dixon1966a	vmb	UPSID	MBABARAM
606	Dixon1966b	vmb	UPSID	MBABARAM
607	Sawyer1965	wao	UPSID	WAPPO
608	Tracy1972	wap	UPSID	WAPISHANA
609	Osborn1966	wba	UPSID	WARAO
610	Phillips1976	wgi	UPSID	WAHGI
611	Garvin1950	wic	UPSID	WICHITA
611	Rood1975	wic	UPSID	WICHITA
612	McConnel1945	wim	UPSID	WIK-MUNKAN
612	SayersGodfrey1964	wim	UPSID	WIK-MUNKAN
613	BroadbentPitkin1964	wit	UPSID	WINTU
614	Teeter1964	wiy	UPSID	WIYOT
615	Davis1969	wnc	UPSID	WANTOAT
616	Reesink1987	wnu	UPSID	USAN
617	Stokhof1979	woi	UPSID	WOISIKA
618	ManessySauvageot1963	wol	UPSID	WOLOF
618	Sauvageot1965	wol	UPSID	WOLOF
618	Ward1963	wol	UPSID	WOLOF
619	Brown1988	wrs	UPSID	WARIS
620	Harvey1986	wrz	UPSID	WARAY
621	Triulzi_etal1976	wti	UPSID	BERTA
622	Chao1970	wuu	UPSID	CHANGZHOU
623	Donaldson1980	wyb	UPSID	NGIYAMBAA
624	Zigmond_etal1988	xaw	UPSID	KAWAIISU
625	TuckerBryan1966	xom	UPSID	KOMA
626	Hyman1973	xpe	UPSID	KPELLE
626	Welmers1962	xpe	UPSID	KPELLE
626	Welmers1973	xpe	UPSID	KPELLE
627	Abdalla1973	xtc	UPSID	KADUGLI
628	Payne1985	yad	UPSID	YAGUA
629	Crumrine1961	yaq	UPSID	YAQUI
629	Johnson1962	yaq	UPSID	YAQUI
630	SchauerSchauer1967	ycn	UPSID	YUCUNA
631	Robinson1976	yer	UPSID	TAROK
632	Haiman1980	ygr	UPSID	YAGARIA
632	Renck1967	ygr	UPSID	YAGARIA
632	Renck1975	ygr	UPSID	YAGARIA
633	Dixon1977	yii	UPSID	YIDINY
634	Krejnovich1958	ykg	UPSID	YUKAGHIR
634	Krejnovich1968b	ykg	UPSID	YUKAGHIR
635	SapirSwadesh1960	ynn	UPSID	YANA
636	Bamgbose1966	yor	UPSID	YORUBA
637	WeimerWeimer1972	yrb	UPSID	YAREBA
638	Decsy1966	yrk	UPSID	NENETS
638	Hajdu1963	yrk	UPSID	NENETS
638	Katz1975	yrk	UPSID	NENETS
638	Ristinen1965	yrk	UPSID	NENETS
638	Ristinen1968	yrk	UPSID	NENETS
638	Tereshchenko1966a	yrk	UPSID	NENETS
639	ForemanMarten1973	yss	UPSID	YESSAN-MAYO
640	Straight1976	yua	UPSID	YUCATEC
641	Ballard1975	yuc	UPSID	YUCHI
641	Crawford1973	yuc	UPSID	YUCHI
642	Chan1980	yue	UPSID	TAISHAN
642	Chao1951	yue	UPSID	TAISHAN
642	Chao1947	yue	UPSID	TAISHAN
642	Cheng1973a	yue	UPSID	TAISHAN
643	Boyeldieu1987	yul	UPSID	YULU
644	Jones1986	yva	UPSID	YAWA
645	TuckerHackett1959	zne	UPSID	AZANDE
646	Wonderly1951	zoc	UPSID	ZOQUE
647	Doke1926	zul	UPSID	ZULU
647	Doke1961	zul	UPSID	ZULU
647	RycroftNgcobe1979	zul	UPSID	ZULU
648	Newman1965	zun	UPSID	ZUNI
648	Walker1972	zun	UPSID	ZUNI
649	Hartell1993	abi	AA	Abidji
649	Chanard2006	abi	AA	Abidji
650	Hartell1993	adj	AA	Adioukrou
650	Chanard2006	adj	AA	Adioukrou
651	Hartell1993	ajg	AA	Adja (B{\'e}nin)
651	Hartell1993	ajg	AA	Adja (Togo)
652	Chanard2006	ajg	AA	Adja (B{\'e}Nin)
652	Chanard2006	ajg	AA	Adja (Togo)
653	Hartell1993	mtb	AA	Agni Sanvi
653	Chanard2006	mtb	AA	Agni Sanvi
654	Hartell1993	ahl	AA	Ahl{\~o}
654	Chanard2006	ahl	AA	Ahl{\~o}
655	Hartell1993	aka	AA	Akan
655	Chanard2006	aka	AA	Akan
656	Hartell1993	bss	AA	Ak{\textopeno}{\textopeno}se (Bakossi)
656	Chanard2006	bss	AA	Ak{\textopeno}{\textopeno}se (Bakossi)
657	Hartell1993	anc	AA	Angas
657	Chanard2006	anc	AA	Angas
658	Hartell1993	cko	AA	Anuf{\textopeno} 
658	Chanard2006	cko	AA	Anuf{\textopeno} 
659	Hartell1993	apd	AA	Arabe
659	Chanard2006	apd	AA	Arabe
660	Hartell1993	avu	AA	Avokaya
660	Chanard2006	avu	AA	Avokaya
661	Hartell1993	bav	AA	Babungo
661	Chanard2006	bav	AA	Babungo
662	Hartell1993	bfd	AA	Bafut
662	Chanard2006	bfd	AA	Bafut
663	Hartell1993	bkc	AA	Baka
663	Chanard2006	bkc	AA	Baka
664	Hartell1993	bam	AA	Bambara
664	Chanard2006	bam	AA	Bambara
665	Hartell1993	bfl	AA	Banda (CAF)
665	Hartell1993	bfl	AA	Banda (Sudan)
666	Chanard2006	bfl	AA	Banda (CAF)
666	Chanard2006	bfl	AA	Banda (Sudan)
667	Hartell1993	bza	AA	Bandi (Gbande)
667	Chanard2006	bza	AA	Bandi (Gbande)
668	Hartell1993	bci	AA	Baoul{\'e}
668	Chanard2006	bci	AA	Baoul{\'e}
669	Hartell1993	bba	AA	Bariba
669	Chanard2006	bba	AA	Bariba
670	Hartell1993	bas	AA	Basaa
670	Chanard2006	bas	AA	Basaa
671	Hartell1993	bsq	AA	Bassa
671	Chanard2006	bsq	AA	Bassa
672	Hartell1993	bud	AA	Bassar 
672	Chanard2006	bud	AA	Bassar 
673	Hartell1993	btg	AA	B{\'e}T{\'e}
673	Chanard2006	btg	AA	B{\'e}T{\'e}
674	Hartell1993	bkv	AA	Bekwarra
674	Chanard2006	bkv	AA	Bekwarra
675	Hartell1993	bom	AA	Berom
675	Chanard2006	bom	AA	Berom
676	Hartell1993	nhb	AA	B{\`{\textepsilon}}{\textipa{N}} (Ngain)
676	Chanard2006	nhb	AA	B{\`{\textepsilon}}{\textipa{N}} (Ngain)
677	Hartell1993	bhy	AA	Bhele
677	Chanard2006	bhy	AA	Bhele
678	Hartell1993	beh	AA	Biali
678	Chanard2006	beh	AA	Biali
679	Hartell1993	bim	AA	Bimoba
679	Chanard2006	bim	AA	Bimoba
680	Hartell1993	bib	AA	Bisa
680	Chanard2006	bib	AA	Bisa
681	Hartell1993	bbo	AA	Bobo
681	Chanard2006	bbo	AA	Bobo
682	Hartell1993	bqc	AA	Boussa (Boko)
682	Chanard2006	bqc	AA	Boussa (Boko)
683	Hartell1993	bzx	AA	Bozo
683	Chanard2006	bzx	AA	Bozo
684	Hartell1993	bum	AA	Bulu
684	Chanard2006	bum	AA	Bulu
685	Hartell1993	cme	AA	Cerma 
685	Chanard2006	cme	AA	Cerma 
686	Hartell1993	ncu	AA	Chumburung
686	Chanard2006	ncu	AA	Chumburung
687	Hartell1993	dbq	AA	Daba
687	Chanard2006	dbq	AA	Daba
688	Hartell1993	dga	AA	Dagaare
688	Chanard2006	dga	AA	Dagaare
689	Hartell1993	dgi	AA	Dagara
689	Chanard2006	dgi	AA	Dagara
690	Hartell1993	dag	AA	Dagbani
690	Chanard2006	dag	AA	Dagbani
691	Hartell1993	daf	AA	Dan 
691	Chanard2006	daf	AA	Dan 
692	Hartell1993	ada	AA	Dangme 
692	Chanard2006	ada	AA	Dangme 
693	Hartell1993	dzg	AA	Daza
693	Chanard2006	dzg	AA	Daza
694	Hartell1993	luo	AA	Dholuo
694	Chanard2006	luo	AA	Dholuo
695	Hartell1993	dic	AA	Dida
695	Chanard2006	dic	AA	Dida
696	Hartell1993	dyu	AA	Dioula
696	Chanard2006	dyu	AA	Dioula
697	Hartell1993	tbz	AA	Ditammari
697	Chanard2006	tbz	AA	Ditammari
698	Hartell1993	dow	AA	Doayo
698	Chanard2006	dow	AA	Doayo
699	Hartell1993	dts	AA	Dogon 
699	Chanard2006	dts	AA	Dogon 
700	Hartell1993	dua	AA	Duala
700	Chanard2006	dua	AA	Duala
701	Hartell1993	dug	AA	Duruma
701	Chanard2006	dug	AA	Duruma
702	Hartell1993	igb	AA	Ebira
702	Chanard2006	igb	AA	Ebira
703	Hartell1993	ewe	AA	Eue
703	Chanard2006	ewe	AA	Eue
704	Hartell1993	bin	AA	{\d E}Do 
704	Chanard2006	bin	AA	{\d E}Do 
705	Hartell1993	izi	AA	{\d E}Zaa
705	Hartell1993	izi	AA	Ikwo
706	Hartell1993	etu	AA	Ejagham De L'Ouest
706	Chanard2006	etu	AA	Ejagham De L'Ouest
707	Hartell1993	ema	AA	Emai
707	Chanard2006	ema	AA	Emai
708	Hartell1993	enn	AA	Engenni
708	Chanard2006	enn	AA	Engenni
709	Hartell1993	ewo	AA	Ewondo
709	Chanard2006	ewo	AA	Ewondo
710	Hartell1993	fmp	AA	Fe'efe'fe
710	Chanard2006	fmp	AA	Fe'efe'fe
711	Hartell1993	fon	AA	F{\textopeno}n
711	Chanard2006	fon	AA	F{\textopeno}n
712	Hartell1993	fub	AA	Fulfulde (Cameroon)
712	Chanard2006	fub	AA	Fulfulde (Cameroon)
713	Hartell1993	fuq	AA	Fulfulde (Niger)
713	Chanard2006	fuq	AA	Fulfulde (Niger)
714	Hartell1993	ffm	AA	Fulfulde (Mali)
714	Chanard2006	ffm	AA	Fulfulde (Mali)
715	Hartell1993	fuh	AA	Fulfulde (Burkina Faso)
715	Chanard2006	fuh	AA	Fulfulde (Burkina Faso)
716	Hartell1993	flr	AA	Fuliru
716	Chanard2006	flr	AA	Fuliru
717	Hartell1993	gaa	AA	Ga
717	Chanard2006	gaa	AA	Ga
718	Hartell1993	gng	AA	Gangam
718	Chanard2006	gng	AA	Gangam
719	Hartell1993	gya	AA	Gbaya (Northwest, Car)
719	Chanard2006	gya	AA	Gbaya (Northwest, Car)
720	Hartell1993	gbp	AA	Gbaya (Bossangoa, CAR)
720	Chanard2006	gbp	AA	Gbaya (Bossangoa, CAR)
721	Hartell1993	gej	AA	G{\textepsilon}n-Mina (Benin)
721	Hartell1993	gej	AA	G{\textepsilon}n-Mina (Togo)
722	Chanard2006	gej	AA	G{\textepsilon}n-Mina (Benin)
722	Chanard2006	gej	AA	G{\textepsilon}n-Mina (Togo)
723	Hartell1993	god	AA	Godi{\'e}
723	Chanard2006	god	AA	Godi{\'e}
724	Hartell1993	gjn	AA	Gonja
724	Chanard2006	gjn	AA	Gonja
725	Hartell1993	gbo	AA	Grebo
725	Chanard2006	gbo	AA	Grebo
726	Hartell1993	gde	AA	Gu{\texthtd}e
726	Chanard2006	gde	AA	Gu{\texthtd}e
727	Hartell1993	gux	AA	Gulmancema 
727	Chanard2006	gux	AA	Gulmancema 
728	Hartell1993	hag	AA	Hanga
728	Chanard2006	hag	AA	Hanga
729	Hartell1993	hau	AA	Hausa (Niger)
729	Hartell1993	hau	AA	Hausa (Nigeria)
730	Chanard2006	hau	AA	Hausa (Niger)
730	Chanard2006	hau	AA	Hausa (Nigeria)
731	Hartell1993	ife	AA	If{\`{\textepsilon}}
731	Chanard2006	ife	AA	If{\`{\textepsilon}}
732	Hartell1993	ibo	AA	Igbo
732	Chanard2006	ibo	AA	Igbo
733	Hartell1993	ige	AA	Igede
733	Chanard2006	ige	AA	Igede
734	Hartell1993	ijs	AA	Ijo De L'Est; Eastern Ijo (Okrika)
734	Chanard2006	ijs	AA	Ijo De L'Est; Eastern Ijo (Okrika)
735	Hartell1993	izi	AA	Izi
735	Chanard2006	izi	AA	{\d E}Zaa
736	Chanard2006	izi	AA	Ikwo
736	Chanard2006	izi	AA	Izi
737	Hartell1993	dyo	AA	Joola 
737	Chanard2006	dyo	AA	Joola 
738	Hartell1993	bex	AA	Jur M{\"o}d{\"o}
738	Chanard2006	bex	AA	Jur M{\"o}d{\"o}
739	Hartell1993	kbp	AA	Kabiy{\textepsilon}
739	Chanard2006	kbp	AA	Kabiy{\textepsilon}
740	Hartell1993	kkj	AA	Kak{\textopeno}
740	Chanard2006	kkj	AA	Kak{\textopeno}
741	Hartell1993	bqx	AA	Kambari
741	Chanard2006	bqx	AA	Kambari
742	Hartell1993	knc	AA	Kanuri
742	Chanard2006	knc	AA	Kanuri
743	Hartell1993	kza	AA	Karaboro
743	Chanard2006	kza	AA	Karaboro
744	Hartell1993	kzr	AA	Kara{\textipa{N}}
744	Chanard2006	kzr	AA	Kara{\textipa{N}}
745	Hartell1993	xsm	AA	Kasem
745	Hartell1993	xsm	AA	Kasim
746	Chanard2006	xsm	AA	Kasem
746	Chanard2006	xsm	AA	Kasim
747	Hartell1993	ozm	AA	K{\textopeno}{\textopeno}zime
747	Chanard2006	ozm	AA	K{\textopeno}{\textopeno}zime
748	Hartell1993	kik	AA	Kikuyu
748	Chanard2006	kik	AA	Kikuyu
749	Hartell1993	kqs	AA	Kisiei
749	Chanard2006	kqs	AA	Kisiei
750	Hartell1993	bkm	AA	Kom
750	Chanard2006	bkm	AA	Kom
751	Hartell1993	kmw	AA	Komo
751	Chanard2006	kmw	AA	Komo
752	Hartell1993	xon	AA	Konkomba
752	Chanard2006	xon	AA	Konkomba
753	Hartell1993	xpe	AA	Kpelle
753	Chanard2006	xpe	AA	Kpelle
754	Hartell1993	gkp	AA	Kp{\textepsilon}l{\textepsilon}woo
754	Chanard2006	gkp	AA	Kp{\textepsilon}l{\textepsilon}woo
755	Hartell1993	krs	AA	Kresh
755	Chanard2006	krs	AA	Kresh
756	Hartell1993	kri	AA	Krio
756	Chanard2006	kri	AA	Krio
757	Hartell1993	ted	AA	Kroumen T{\'e}Po
757	Chanard2006	ted	AA	Kroumen T{\'e}Po
758	Hartell1993	kuj	AA	Kuria
758	Chanard2006	kuj	AA	Kuria
759	Hartell1993	kus	AA	Kusal
759	Chanard2006	kus	AA	Kusal
760	Hartell1993	las	AA	Lama
760	Chanard2006	las	AA	Lama
761	Hartell1993	lln	AA	Lele
761	Chanard2006	lln	AA	Lele
762	Hartell1993	led	AA	Lendu
762	Chanard2006	led	AA	Lendu
763	Hartell1993	lom	AA	L{\textopeno}g{\textopeno}magooi
763	Chanard2006	lom	AA	L{\textopeno}g{\textopeno}magooi
764	Hartell1993	lok	AA	L{\textopeno}k{\textopeno}
764	Chanard2006	lok	AA	L{\textopeno}k{\textopeno}
765	Hartell1993	lig	AA	Ligbi
765	Chanard2006	lig	AA	Ligbi
766	Hartell1993	lia	AA	Limba
766	Chanard2006	lia	AA	Limba
767	Hartell1993	lmp	AA	Limbum
767	Chanard2006	lmp	AA	Limbum
768	Hartell1993	lin	AA	Lingala
768	Chanard2006	lin	AA	Lingala
769	Hartell1993	dop	AA	Lokpa 
769	Chanard2006	dop	AA	Lokpa 
770	Hartell1993	lug	AA	Luganda
770	Chanard2006	lug	AA	Luganda
771	Hartell1993	lgg	AA	Lugbara
771	Chanard2006	lgg	AA	Lugbara
772	Hartell1993	lee	AA	Ly{\'e}L{\'e}
772	Chanard2006	lee	AA	Ly{\'e}L{\'e}
773	Hartell1993	mcu	AA	Mambila (Cameroon)
773	Chanard2006	mcu	AA	Mambila (Cameroon)
774	Hartell1993	mzk	AA	Mambila (Nigeria)
774	Chanard2006	mzk	AA	Mambila (Nigeria)
775	Hartell1993	maw	AA	Mampruli
775	Chanard2006	maw	AA	Mampruli
776	Hartell1993	mlq	AA	Mande
776	Chanard2006	mlq	AA	Mande
777	Hartell1993	emk	AA	Manding 
777	Chanard2006	emk	AA	Manding 
778	Hartell1993	mdj	AA	Mangbetu (Meje)
778	Chanard2006	mdj	AA	Mangbetu (Meje)
779	Hartell1993	mwk	AA	Maninka-Kan
779	Chanard2006	mwk	AA	Maninka-Kan
780	Hartell1993	muh	AA	M{\"u}Nd{\"u}
780	Chanard2006	muh	AA	M{\"u}Nd{\"u}
781	Hartell1993	mfn	AA	Mbembe
781	Chanard2006	mfn	AA	Mbembe
782	Hartell1993	mbo	AA	Mbo{\'o}
782	Chanard2006	mbo	AA	Mbo{\'o}
783	Hartell1993	mcp	AA	Mekaa
783	Chanard2006	mcp	AA	Mekaa
784	Hartell1993	men	AA	Mende
784	Chanard2006	men	AA	Mende
785	Hartell1993	mgo	AA	Metta 
785	Chanard2006	mgo	AA	Metta 
786	Hartell1993	myk	AA	Minyanka
786	Chanard2006	myk	AA	Minyanka
787	Hartell1993	mzw	AA	Mo (Deg)
787	Chanard2006	mzw	AA	Mo (Deg)
788	Hartell1993	mif	AA	Mofu-Gudur
788	Chanard2006	mif	AA	Mofu-Gudur
789	Hartell1993	mos	AA	Moore
789	Chanard2006	mos	AA	Moore
790	Hartell1993	moa	AA	Muan
790	Chanard2006	moa	AA	Muan
791	Hartell1993	mnf	AA	Mundani
791	Chanard2006	mnf	AA	Mundani
792	Hartell1993	mkw	AA	Munukutuba
792	Chanard2006	mkw	AA	Munukutuba
793	Hartell1993	mur	AA	Murle
793	Chanard2006	mur	AA	Murle
794	Hartell1993	sur	AA	Mwaghavul 
794	Chanard2006	sur	AA	Mwaghavul 
795	Hartell1993	nfr	AA	Nafaanra
795	Chanard2006	nfr	AA	Nafaanra
796	Hartell1993	nmz	AA	Nawdm
796	Chanard2006	nmz	AA	Nawdm
797	Hartell1993	nuv	AA	Nuni
797	Chanard2006	nuv	AA	Nuni
798	Hartell1993	lem	AA	N{\textopeno}maa (N{\textopeno}maa패Nd{\textepsilon}패)
798	Chanard2006	lem	AA	N{\textopeno}maa (N{\textopeno}maa패Nd{\textepsilon}패)
799	Hartell1993	sba	AA	Ngambai
799	Chanard2006	sba	AA	Ngambai
800	Hartell1993	nga	AA	Ngbaka
800	Chanard2006	nga	AA	Ngbaka
801	Hartell1993	ngb	AA	Ngbandi
801	Chanard2006	ngb	AA	Ngbandi
802	Hartell1993	nnh	AA	Ngyemb{\textopeno}{\textopeno}n
802	Chanard2006	nnh	AA	Ngyemb{\textopeno}{\textopeno}n
803	Hartell1993	nwb	AA	Niaboua
803	Chanard2006	nwb	AA	Niaboua
804	Hartell1993	lns	AA	Nso'
804	Chanard2006	lns	AA	Nso'
805	Hartell1993	yas	AA	Nugunu
805	Chanard2006	yas	AA	Nugunu
806	Hartell1993	nup	AA	Nupe
806	Chanard2006	nup	AA	Nupe
807	Hartell1993	mhi	AA	Pandikeri
807	Chanard2006	mhi	AA	Pandikeri
808	Hartell1993	pbi	AA	Podoko
808	Chanard2006	pbi	AA	Podoko
809	Hartell1993	fuc	AA	Pulaar 
809	Chanard2006	fuc	AA	Pulaar 
810	Hartell1993	fuf	AA	Pular 
810	Chanard2006	fuf	AA	Pular 
811	Hartell1993	rel	AA	Rendille
811	Chanard2006	rel	AA	Rendille
812	Hartell1993	spy	AA	Sabaot
812	Chanard2006	spy	AA	Sabaot
813	Hartell1993	sag	AA	Sango (CAF)
813	Hartell1993	sag	AA	Sango (COD)
814	Chanard2006	sag	AA	Sango (CAF)
814	Chanard2006	sag	AA	Sango (COD)
815	Hartell1993	seq	AA	Senoufo 
815	Chanard2006	seq	AA	Senoufo 
816	Hartell1993	srr	AA	Sereer
816	Chanard2006	srr	AA	Sereer
817	Hartell1993	sld	AA	Sissala (Burkina)
817	Hartell1993	sld	AA	Sissala (Ghana)
818	Chanard2006	sld	AA	Sissala (Burkina)
818	Chanard2006	sld	AA	Sissala (Ghana)
819	Hartell1993	khq	AA	Songhoy
819	Chanard2006	khq	AA	Songhoy
820	Hartell1993	snk	AA	Soninke (Mali)
820	Hartell1993	snk	AA	Sooninke (Senegal)
821	Chanard2006	snk	AA	Soninke (Mali)
821	Chanard2006	snk	AA	Sooninke (Senegal)
822	Hartell1993	sus	AA	Soso
822	Chanard2006	sus	AA	Soso
823	Hartell1993	swh	AA	Swahili
823	Chanard2006	swh	AA	Swahili
824	Hartell1993	ttq	AA	Tamajaq
824	Chanard2006	ttq	AA	Tamajaq
825	Hartell1993	taq	AA	Tamasheq
825	Chanard2006	taq	AA	Tamasheq
826	Hartell1993	yer	AA	Tarok 
826	Chanard2006	yer	AA	Tarok 
827	Hartell1993	lor	AA	T{\'e}{\'e}N 
827	Chanard2006	lor	AA	T{\'e}{\'e}N 
828	Hartell1993	tuq	AA	Teda
828	Chanard2006	tuq	AA	Teda
829	Hartell1993	kdh	AA	Tem
829	Chanard2006	kdh	AA	Tem
830	Hartell1993	tfi	AA	T{\textopeno}fin
830	Chanard2006	tfi	AA	T{\textopeno}fin
831	Hartell1993	tem	AA	Themne
831	Chanard2006	tem	AA	Themne
832	Hartell1993	tik	AA	Tikar
832	Chanard2006	tik	AA	Tikar
833	Hartell1993	toq	AA	Toposa
833	Chanard2006	toq	AA	Toposa
834	Hartell1993	neb	AA	Toura
834	Chanard2006	neb	AA	Toura
835	Hartell1993	tsp	AA	Toussian
835	Chanard2006	tsp	AA	Toussian
836	Hartell1993	vag	AA	Vagala
836	Chanard2006	vag	AA	Vagala
837	Hartell1993	vut	AA	Vute
837	Chanard2006	vut	AA	Vute
838	Hartell1993	wwa	AA	Waama
838	Chanard2006	wwa	AA	Waama
839	Hartell1993	wan	AA	Wan
839	Chanard2006	wan	AA	Wan
840	Hartell1993	wob	AA	Wob{\'e}
840	Chanard2006	wob	AA	Wob{\'e}
841	Hartell1993	wol	AA	Wolof
841	Chanard2006	wol	AA	Wolof
842	Hartell1993	yam	AA	Yamba
842	Chanard2006	yam	AA	Yamba
843	Hartell1993	yat	AA	Yamb{\textepsilon}ta
843	Chanard2006	yat	AA	Yamb{\textepsilon}ta
844	Hartell1993	yre	AA	Yaour{\'e}
844	Chanard2006	yre	AA	Yaour{\'e}
845	Hartell1993	ybb	AA	Yemba
845	Chanard2006	ybb	AA	Yemba
846	Hartell1993	pil	AA	Yom 
846	Chanard2006	pil	AA	Yom 
847	Hartell1993	yor	AA	Yorouba (Benin)
847	Hartell1993	yor	AA	Yorouba (Nigeria)
848	Chanard2006	yor	AA	Yorouba (Benin)
848	Chanard2006	yor	AA	Yorouba (Nigeria)
849	Hartell1993	zne	AA	Zande
849	Chanard2006	zne	AA	Zande
850	Hartell1993	dje	AA	Zarma 
850	Chanard2006	dje	AA	Zarma 
851	Hartell1993	gnd	AA	Zulgo
851	Chanard2006	gnd	AA	Zulgo
852	fwe_baumbach1997	fwe	PHOIBLE	Fwe
853	yey_baumbach1997	yey	PHOIBLE	Yeyi
854	cav_guillaume2004	cav	PHOIBLE	Cavinena
855	ccc_parker1991	ccc	PHOIBLE	Chamicuro
856	che_nichols1996	che	PHOIBLE	Chechen
857	cdm_caughley1982	cdm	PHOIBLE	Chepang
858	mhr_sebeok1961	mhr	PHOIBLE	Cheremis
859	cle_archivo1980	cle	PHOIBLE	Chinanteco
860	ctu_alvarez2002	ctu	PHOIBLE	Tila, Chiapas
861	crw_tomas1971	crw	PHOIBLE	Chrau
862	boi_wash2001	boi	PHOIBLE	Barbare{\~n}o
863	crd_doak1997	crd	PHOIBLE	Coeur d'Alene
864	com_charney1993	com	PHOIBLE	Comanche
865	cup_hill2005	cup	PHOIBLE	Cupeno
866	cuv_ndokobai2003	cuv	PHOIBLE	Cuvok
867	anv_mbuagbaw1996	anv	PHOIBLE	Denya
868	kxl_yadava2000	kxl	PHOIBLE	Dhangar
869	aoj_conrad1978	aoj	PHOIBLE	Muhiang
870	usa_bee1965	usa	PHOIBLE	Usarufa
871	kpr_farr1974	kpr	PHOIBLE	Korafe
872	bjr_oatridge1973	bjr	PHOIBLE	Binumarien
873	ego_blench2006	ego	PHOIBLE	Eggon
874	ekp_blench2006	ekp	PHOIBLE	Ekpeye
875	enb_zwarts2003	enb	PHOIBLE	Endo
876	ags_fointein1986	ags	PHOIBLE	Esimbi
877	fan_eko1974	fan	PHOIBLE	Fan
878	fuu_boyeldieu2000	fuu	PHOIBLE	Furu
879	gbd_sands1989	gbd	PHOIBLE	Garadjari
880	gby_rosendall1998	gby	PHOIBLE	Gbari
881	gvf_evans2005	gvf	PHOIBLE	Golin
882	gub_bendorsamuel1966	gub	PHOIBLE	Guajajara
883	gup_oates1964	gup	PHOIBLE	Gunwinggu
884	hay_byarushengo1977	hay	PHOIBLE	Haya
885	wya_lagarde1980	wya	PHOIBLE	Huron
886	hch_mchintosh1945	hch	PHOIBLE	Huichol
887	qwh_levengood1982	qwh	PHOIBLE	Huaylas
888	huv_archivo1983	huv	PHOIBLE	Huave, San Mateo del Mar
889	qxw_wroughton1996	qxw	PHOIBLE	Huanca
890	lyn_jacottet1896	lyn	PHOIBLE	Louyi
891	iby_blench2005	iby	PHOIBLE	Ibani
892	imn_seiler1985	imn	PHOIBLE	Imonda
893	inh_nichols1996	inh	PHOIBLE	Ingush
894	ksi_donohue2002	ksi	PHOIBLE	Isaka
895	yal_lupke2005	yal	PHOIBLE	Jalonke
896	jar_lukas1961	jar	PHOIBLE	Jarawa
897	jaa_vogel2003	jaa	PHOIBLE	Jarawara
898	tow_yumitani1998	tow	PHOIBLE	Jemez
899	mgi_blench2006	mgi	PHOIBLE	Jili
900	kab_hamouma1987	kab	PHOIBLE	Kabyle
901	gid_noukeu2002	gid	PHOIBLE	Kada
902	kyz_souza2004	kyz	PHOIBLE	Kaiabi
903	kms_sanders1994a	kms	PHOIBLE	Kamasau
904	kxo_bacelar2004	kxo	PHOIBLE	Kanoe
905	ndb_akeriweh2000	ndb	PHOIBLE	Kensei Nsei
906	xrb_wichser1994	xrb	PHOIBLE	Kar
907	kmv_tobler1983	kmv	PHOIBLE	Karipuna Creole
908	ken_mbuagbaw2000	ken	PHOIBLE	Kenyang
909	khr_peterson	khr	PHOIBLE	Kharia
910	cog_ungsitipoonporn	cog	PHOIBLE	Chong
911	kin_mpayimana2003	kin	PHOIBLE	Kinyarwanda
912	okr_blench2005	okr	PHOIBLE	Kirike
913	kkk_palmer1999	kkk	PHOIBLE	Kokota
914	kme_asobo1989	kme	PHOIBLE	Kole
915	kma_cahill1999	kma	PHOIBLE	Konni
916	kdt_oranuch1984	kdt	PHOIBLE	Kuay
917	kle_tolsma1999	kle	PHOIBLE	Kulung
918	kto_lindstrom2002	kto	PHOIBLE	Kuot
919	kgg_watters2006	kgg	PHOIBLE	Kusunda
920	kxv_israel1979	kxv	PHOIBLE	Kuvi
921	xwa_voort2004	xwa	PHOIBLE	Kwaza
922	lbj_koshal1979	lbj	PHOIBLE	Ladakhi
923	lag_dunham2005	lag	PHOIBLE	Langi
924	lao_morev1979	lao	PHOIBLE	Lao
925	lvk_terrill1999	lvk	PHOIBLE	Lavukaleve
926	bwt_ebah1990	bwt	PHOIBLE	Bafo
927	lun_kawasha2003	lun	PHOIBLE	Lunda
928	lch_fleisch2000	lch	PHOIBLE	Lucazi
929	bdu_atta1993	bdu	PHOIBLE	Lukundu
930	mkd_friedman2002	mkd	PHOIBLE	Macedonian
931	mxu_blench2006	mxu	PHOIBLE	Mada
932	grg_blackings2003	grg	PHOIBLE	Ma'di
933	mva_turner1986	mva	PHOIBLE	Manam
934	bce_forku2000	bce	PHOIBLE	Mamenyan
935	nmm_hildebrandt2004	nmm	PHOIBLE	Manange
936	nge_swiri1998	nge	PHOIBLE	Ngemba
937	mec_heath1981	mec	PHOIBLE	Mara
938	ayz_dol1999	ayz	PHOIBLE	Maybrat
939	gmm_boyd1997	gmm	PHOIBLE	Mbodomo
940	byv_nganmou1991	byv	PHOIBLE	Medumba
941	xmf_harris1991	xmf	PHOIBLE	Mingrelian
942	bfm_bangha2003	bfm	PHOIBLE	Mmen
943	mwt_veena1980	mwt	PHOIBLE	Moken
944	cas_sakel2004	cas	PHOIBLE	Moseten
945	mgg_djiafeua1989	mgg	PHOIBLE	Mpumpun
946	mhk_nahjella1997	mhk	PHOIBLE	Mungaka
947	nmg_ngue2002	nmg	PHOIBLE	Mvumbo
948	mlv_francois2001	mlv	PHOIBLE	Mwotlap
949	nnm_feldpausch1992	nnm	PHOIBLE	Namia
950	nml_ngoran1999	nml	PHOIBLE	Ndemli
951	apm_hoijer1946	apm	PHOIBLE	Chiricahua Apache
952	yum_halpern1946	yum	PHOIBLE	Yuma
953	nnk_spaulding1994	nnk	PHOIBLE	Nankina
954	niq_creider1989	niq	PHOIBLE	Nandi
955	kig_saowalak1993	kig	PHOIBLE	Khmu
956	mff_kum2002	mff	PHOIBLE	Naki
957	ncl_langacker1979	ncl	PHOIBLE	Michoacan Nahual
958	nag_bhattacharjya2001	nag	PHOIBLE	Nagamese
959	nsh_bolima1998	nsh	PHOIBLE	Ngishe
960	nig_baker1999	nig	PHOIBLE	Ngalakan
961	nam_hoddinott1988	nam	PHOIBLE	Nganikurungkurr
962	igo_ngouagna1988	igo	PHOIBLE	Ngomba
963	nla_voutsa2003	nla	PHOIBLE	Ngombale
964	noo_davidson2002	noo	PHOIBLE	Nootka
965	kxm_phunsap1984	kxm	PHOIBLE	Northern Khmer
966	pao_thornes2003	pao	PHOIBLE	Northern Paiute
967	kcn_wellens2003	kcn	PHOIBLE	Nubi
968	nus_frank1999	nus	PHOIBLE	Nuer
969	ekm_ekambi1990	ekm	PHOIBLE	Nulibie
970	nym_maganga1992	nym	PHOIBLE	Kinyamwezi
971	nyl_taweeporn1998	nyl	PHOIBLE	Nyeu
972	ann_faraclas1984	ann	PHOIBLE	Obolo
973	mpt_loving1974	mpt	PHOIBLE	Mianmin
974	fai_loving1974	fai	PHOIBLE	Faiwol
975	oku_yensi1996	oku	PHOIBLE	Oku
976	oss_hettich1997	oss	PHOIBLE	Ossetian
977	pau_josephs1975	pau	PHOIBLE	Palauan
978	okv_loving1977	okv	PHOIBLE	Orokaiva
979	yll_loving1977	yll	PHOIBLE	Yil
980	niz_loving1977	niz	PHOIBLE	Ningil
981	dob_loving1977	dob	PHOIBLE	Dobu
982	smq_loving1977	smq	PHOIBLE	Samo
983	uvh_loving1974	uvh	PHOIBLE	Urii
984	bzf_loving1974	bzf	PHOIBLE	Boiken
985	prt_unchalee1988	prt	PHOIBLE	Pray
986	mlf_unchalee1988	mlf	PHOIBLE	Mal
987	rma_grinevald1990	rma	PHOIBLE	Rama
988	xmt_remijsen2002	xmt	PHOIBLE	Matbat
989	run_rodegem1967	run	PHOIBLE	Rundi
990	nyn_poletto1998	nyn	PHOIBLE	Runyankore
991	rwr_magier1983	rwr	PHOIBLE	Marwari
992	ndi_kong2004	ndi	PHOIBLE	Samba Leko
993	sbd_platiel1979	sbd	PHOIBLE	Samo de Toma
994	sxm_ploykaew2001	sxm	PHOIBLE	Samre
995	sae_antunes2004	sae	PHOIBLE	Sabane
996	str_montler2005	str	PHOIBLE	Saanich
997	sas_austin1998	sas	PHOIBLE	Sasak
998	svr_anonymous1927	svr	PHOIBLE	Savara
999	pos_clark1995	pos	PHOIBLE	Popoluca de Sayula
1000	sey_levinson1990	sey	PHOIBLE	Secoya
1001	trv_asal1969	trv	PHOIBLE	Sedik
1002	ssg_wozna-wilson2005	ssg	PHOIBLE	Seimat
1003	sza_kruspe1999	sza	PHOIBLE	Semelai
1004	ser_hill1967	ser	PHOIBLE	Serrano
1005	sbf_teferra1991	sbf	PHOIBLE	Shabo
1006	ywn_vieira2004	ywn	PHOIBLE	Shanenawa
1007	kde_liphola2001	kde	PHOIBLE	Shimakonde
1008	sna_fortune1955	sna	PHOIBLE	Shona
1009	bax_nchare2005	bax	PHOIBLE	Shupamem
1010	sjr_rowe2005	sjr	PHOIBLE	Siar-Lak
1011	skr_shackle1976	skr	PHOIBLE	Siraiki
1012	sjw_andrews1994	sjw	PHOIBLE	Shawnee
1013	skv_donohue2004	skv	PHOIBLE	Skou
1014	thm_migliazza1998	thm	PHOIBLE	So
1015	erk_thieberger2004	erk	PHOIBLE	South Efate
1016	spo_carlson1972	spo	PHOIBLE	Spokan
1017	sso_demuth1992	sso	PHOIBLE	Sesotho
1018	stw_roddy2007	stw	PHOIBLE	Satawalese
1019	ulw_green1999	ulw	PHOIBLE	Sumo
1020	jup_epps2005	jup	PHOIBLE	Hup
1021	zoh_johnson2000	zoh	PHOIBLE	San Miguel Chimalapa Zoque
1022	ztp_beam2004	ztp	PHOIBLE	Zapotec
1023	yuk_schlicter1985	yuk	PHOIBLE	Yuki
1024	yap_ballantyne2005	yap	PHOIBLE	Yapese
1025	yur_robins1958	yur	PHOIBLE	Yurok
1026	yuz_gijn2006	yuz	PHOIBLE	Yuracure
1027	yux_maslova2003	yux	PHOIBLE	Yukaghir (Kolyma)
1028	wbm_wattana1998	wbm	PHOIBLE	Wa
1029	wms_vries1992	wms	PHOIBLE	Wambon
1030	was_jacobsen1964	was	PHOIBLE	Washo
1031	way_silva-tavares2005	way	PHOIBLE	Wayana
1032	woc_exter2003	woc	PHOIBLE	Wogeo
1033	var_armendariz2005	var	PHOIBLE	Warihio
1034	vai_welmers1976	vai	PHOIBLE	Vai
1035	ukr_pugh1999	ukr	PHOIBLE	Ukrainian
1036	phl_liljegren2008	phl	PHOIBLE	Palula
1037	mky_bowden1997	mky	PHOIBLE	East Makian
1038	tpi_gonzalez2005	tpi	PHOIBLE	Tapiete
1039	bjz_farr	bjz	PHOIBLE	Baruga
1040	tav_bostrom1998	tav	PHOIBLE	Tatuyo
1041	tgw_casimir1998	tgw	PHOIBLE	Tagwana
1042	mzn_mohktarian2004	mzn	PHOIBLE	Mazanderani
1043	blk_orranat2000	blk	PHOIBLE	Pa-O, Taungthu
1044	tft_hayami2001	tft	PHOIBLE	Ternate
1045	tob_klein1973	tob	PHOIBLE	Toba
1046	pol_jassem2003	pol	PHOIBLE	Polish
1047	cmn_lee2003_phon	cmn	PHOIBLE	Standard Chinese; Mandarin
1048	ijn_harry2003	ijn	PHOIBLE	Kalabari
1049	ydd_kleine2003	ydd	PHOIBLE	Standard Yiddish
1050	nld_verhoeven2007	nld	PHOIBLE	Dutch
1051	mla_riehl-jauncey2005	mla	PHOIBLE	Tamambo
1052	gay_eades2006	gay	PHOIBLE	Gayo
1053	jam_Harry2006_phon	jam	PHOIBLE	Jamaican Creole
1054	mcs_anonby2006	mcs	PHOIBLE	Mambay
1055	arg_Mott2007_phon	arg	PHOIBLE	Aragonese
1056	zts_merrill2008_phon	zts	PHOIBLE	Tilquiapan Zapotec
1057	ibb_urua2004	ibb	PHOIBLE	Ibibio
1058	tam_keane2004	tam	PHOIBLE	Tamil
1059	zpq_sonnenschein2004	zpq	PHOIBLE	San Bartolom{\'e} Zoogocho Zapotec
1060	bgo_relich1973	bgo	PHOIBLE	Baga Koga
1061	nxl_bolton1990	nxl	PHOIBLE	Southern Nuautl
1062	slu_coward1990	slu	PHOIBLE	Selaru
1063	tvd_lovelace1992	tvd	PHOIBLE	Tsuvadi
1064	wos_wendal1993	wos	PHOIBLE	Hanga Hundi
1065	blr_block1994	blr	PHOIBLE	Blang
1066	txx_dillon1994	txx	PHOIBLE	Tatana'
1067	bod_cha1995	bod	PHOIBLE	Tibetan
1068	ruk_wilson1996	ruk	PHOIBLE	Che
1069	tol_bommelyn1997	tol	PHOIBLE	Tolowa
1070	pae_reeder1998	pae	PHOIBLE	Pagibete
1071	cho_broadwell	cho	PHOIBLE	Choctaw
1072	crg_rosen2007	crg	PHOIBLE	Michif
1073	plg_vidal2001	plg	PHOIBLE	Pilag{\'a}
1074	yuc_linn2001	yuc	PHOIBLE	Yuchi
1075	bwi_granadillo2006	bwi	PHOIBLE	Kurripako
1076	ktn_everett2006	ktn	PHOIBLE	Karitiana
1077	esi_nagai2006	esi	PHOIBLE	I{\~n}upiaq
1078	zab_lillehaugen2006	zab	PHOIBLE	Tlacolula Valley Zapotec
1079	tzo_shklovsky2005	tzo	PHOIBLE	Tzotzil, Chamula
1080	sid_kawachi2007	sid	PHOIBLE	Sidaama
1081	bdr_miller2007	bdr	PHOIBLE	Bajau, West Coast
1082	cid_jany2007	cid	PHOIBLE	Chimariko
1083	tee_kung2007	tee	PHOIBLE	Tepehua, Huehuetla
1084	ute_oberly2008	ute	PHOIBLE	Southern Ute
1085	duo_robinson2008	duo	PHOIBLE	Dupaningan Agta
1086	ton_feldman1978	ton	PHOIBLE	Tongan
1087	lmw_callaghan1963	lmw	PHOIBLE	Lake Miwok
1088	lzz_anderson1963	lzz	PHOIBLE	Laz
1089	jun_matson1964	jun	PHOIBLE	Juang
1090	adn_haan2001	adn	PHOIBLE	Adang
1091	ael_nganganu2001	ael	PHOIBLE	Ambele
1092	apu_facundes2000	apu	PHOIBLE	Apurin{\~a}
1093	ace_asyik1987	ace	PHOIBLE	Acehnese
1094	aig_farquhar1974	aig	PHOIBLE	Antiguan Creole
1095	akl_chai1971	akl	PHOIBLE	Aklan
1096	arh_frank1985	arh	PHOIBLE	Ika
1097	arr_gabas1999	arr	PHOIBLE	Karo
1098	ayl_elfitoury1976	ayl	PHOIBLE	Lebanese Arabic
1099	bbc_percival1964	bbc	PHOIBLE	Toba-Batak
1100	bci_timyan1977	bci	PHOIBLE	Baule
1101	bfw_fernandez1968	bfw	PHOIBLE	Remo
1102	biw_begne1979	biw	PHOIBLE	Bikele
1103	bla_tayler1969	bla	PHOIBLE	Blackfoot
1104	bll_einaudi1974	bll	PHOIBLE	Biloxi
1105	bzj_greene1993	bzj	PHOIBLE	Belizean Creole
1106	cku_kimball1985	cku	PHOIBLE	Koasati
1107	coo_harris1981	coo	PHOIBLE	Comox
1108	cso_foris1993	cso	PHOIBLE	Sochiapan Chinantec
1109	diq_todd1985	diq	PHOIBLE	Dimili
1110	ets_elimelech1976	ets	PHOIBLE	Etsako
1111	frr_lasswell1998	frr	PHOIBLE	Frisian
1112	gju_losey2002	gju	PHOIBLE	Gojri
1113	gvc_stenzel2004	gvc	PHOIBLE	Wanano
1114	hum_takizala1974	hum	PHOIBLE	Kihungan
1115	hur_galloway1977	hur	PHOIBLE	Chilliwak Halkomelem
1116	hus_wedemeyer1988	hus	PHOIBLE	Huastec
1117	ilo_rubino1997	ilo	PHOIBLE	Ilocano
1118	kbc_sandalo1995	kbc	PHOIBLE	Kadiweu
1119	kub_koops1990	kub	PHOIBLE	Kuteb
1120	kwi_curnow1997	kwi	PHOIBLE	Awa Pit
1121	lis_roop1970	lis	PHOIBLE	Lisu
1122	los_hamel1985	los	PHOIBLE	Loniu
1123	mbe_pharris2006	mbe	PHOIBLE	Molalla
1124	mcf_fleck2003	mcf	PHOIBLE	Matses
1125	mni_chelliah1992	mni	PHOIBLE	Manipuri
1126	mnk_drame1981	mnk	PHOIBLE	Mandingo
1127	moc_grondona1998	moc	PHOIBLE	Mocovi
1128	mam_godfrey1981	mam	PHOIBLE	Western Mam
1129	myu_picanco2005	myu	PHOIBLE	Munduruk{\'u}
1130	ncg_tarpent1987	ncg	PHOIBLE	Nishgha
1131	nds_mierau1965	nds	PHOIBLE	Low German
1132	pmq_berthiaume2003	pmq	PHOIBLE	Northern Pame
1133	par_mclaughlin1987	par	PHOIBLE	Panamint
1134	pcm_faraclas1989	pcm	PHOIBLE	Nigerian Pidgin
1135	pej_oconnor1987	pej	PHOIBLE	Northern Pomo
1136	poq_reilly2002	poq	PHOIBLE	Texistepec Popoluca
1137	kca_filchenko2007	kca	PHOIBLE	Eastern Khanty
1138	cat_carbonell1992	cat	PHOIBLE	Catalan
1139	hrv_landau-loncaric1995	hrv	PHOIBLE	Croatian
1140	ces_dankovicova1997	ces	PHOIBLE	Czech
1141	glg_reguiera1996	glg	PHOIBLE	Galician
1142	kbp_padayodi2008	kbp	PHOIBLE	Kabiye
1143	mnh_olson2004	mnh	PHOIBLE	Mono
1144	ind_soderberg2008_phon	ind	PHOIBLE	Indonesian
1145	ita_rogers2004	ita	PHOIBLE	Italian
1146	qxl_masaquiz2008	qxl	PHOIBLE	Salasaca Quichua
1147	sei_marlett_etal2005	sei	PHOIBLE	Seri
1148	snd_nihalani1995	snd	PHOIBLE	Sindhi
1149	slv_sustarsic-komar1995	slv	PHOIBLE	Slovene
1150	swe_engstrand1990	swe	PHOIBLE	Swedish
1151	mky_bowden-hajek1996	mky	PHOIBLE	Taba
1152	khc_donohue1994	khc	PHOIBLE	Tukang Besi
1153	pib_sebastian-marlett2008	pib	PHOIBLE	Yine
1154	quc_larsen1988	quc	PHOIBLE	Quiche
1155	qvh_weber1983	qvh	PHOIBLE	Huallaga (Huanuco) Quechua
1156	qum_barrett1999	qum	PHOIBLE	Sipakapense Maya
1157	qug_beukema1975	qug	PHOIBLE	Chimborazo Quichua
1158	tpt_watters1988	tpt	PHOIBLE	Tepehua
1159	abt_wilson1973	abt	PHOIBLE	Abulas
1160	aau_lock1990	aau	PHOIBLE	Abau
1161	ahg_hetzron1969	ahg	PHOIBLE	Agaw
1162	ahk_panadda1993	ahk	PHOIBLE	Akha
1163	aly_yallop1977	aly	PHOIBLE	Alyawarra
1164	amn_minch1992	amn	PHOIBLE	Amanab
1165	anu_reh1996	anu	PHOIBLE	Anywa
1166	jbj_voorhoeve1985	jbj	PHOIBLE	Arandai
1167	aon_fortune1942	aon	PHOIBLE	Arapesh
1168	tcb_holton2000	tcb	PHOIBLE	Tanacross
1169	avt_scorza1985	avt	PHOIBLE	Au
1170	tpz_loving1975	tpz	PHOIBLE	Tinputz
1171	pex_loving1975	pex	PHOIBLE	Petats
1172	ptp_loving1975	ptp	PHOIBLE	Patep
1173	kcl_loving1975	kcl	PHOIBLE	Kela
1174	sgz_loving1975	sgz	PHOIBLE	Sursurunga
1175	awx_quigley2003	awx	PHOIBLE	Awara
1176	azo_azieshi1994	azo	PHOIBLE	Awing
1177	kmn_feldman1986	kmn	PHOIBLE	Awtuw
1178	bbw_nashipu2005	bbw	PHOIBLE	Baba
1179	bbk_akumbu1999	bbk	PHOIBLE	Babanki
1180	bkh_edika1990	bkh	PHOIBLE	Bakoko
1181	muo_kouonang1983	muo	PHOIBLE	Bali-Kumbat
1182	bvm_ngeloh2002	bvm	PHOIBLE	Bamunka
1183	bgj_mbah2003	bgj	PHOIBLE	Bangolan
1184	bnm_kouankem2003	bnm	PHOIBLE	Banoo
1185	bch_gallagher2005	bch	PHOIBLE	Bariai
1186	bby_gueche2004	bby	PHOIBLE	Befang
1187	dbj_goudswaard2005	dbj	PHOIBLE	Ida'an
1188	bem_kula2002	bem	PHOIBLE	Bemba
1189	brc_kouwenberg1994	brc	PHOIBLE	Berbice Dutch
1190	xub_coelho2003	xub	PHOIBLE	Betta Kurumba
1191	bhw_heuvel2006	bhw	PHOIBLE	Biak
1192	nbj_nordlinger1990	nbj	PHOIBLE	Bilinara
1193	bhg_wilson2002	bhg	PHOIBLE	Binandere
1194	bwq_sanou1978	bwq	PHOIBLE	Bobo
1195	bol_gimba2000	bol	PHOIBLE	Bole
1196	bot_abessolo1990	bot	PHOIBLE	Bongo
1197	bwo_bhattacharya1977	bwo	PHOIBLE	Boro
1198	bkk_ramaswami1982	bkk	PHOIBLE	Brokskat
1199	bsp_ganong1998	bsp	PHOIBLE	Baga Sitem
1200	bbx_fiensong1993	bbx	PHOIBLE	Bubia
1201	bxk_mutonyi2000	bxk	PHOIBLE	Bukusu
1202	sbs_baumbach1997	sbs	PHOIBLE	Subiya
1203	ttl_baumbach1997	ttl	PHOIBLE	Totela
1204	bmo_ayafor2002	bmo	PHOIBLE	Bambalang
1205	mrq_zewen1987	mrq	PHOIBLE	North Marquesan
1206	oon_dasgupta1982	oon	PHOIBLE	{\"O}{\~n}ge
1207	plo_zavala2000	plo	PHOIBLE	Oluta Popoluca
1208	jya_jacques2004	jya	PHOIBLE	Jiarong
1209	suq_bryant1999	suq	PHOIBLE	Suri
1210	blb_obata2003	blb	PHOIBLE	Bilua
1211	hoa_davis2003	hoa	PHOIBLE	Hoava
1212	fil_cubar1994	fil	PHOIBLE	Filipino
1213	nxg_djawanai1983	nxg	PHOIBLE	Ngad'a
1214	mnb_vandenberg1989	mnb	PHOIBLE	Muna
1215	xxk_baird2002	xxk	PHOIBLE	K{\'e}o
1216	thm_nuchanart1998	thm	PHOIBLE	Thavung
1217	skf_galucio2001_o	skf	PHOIBLE	Sakirabi{\'a}
1218	tiw_osborne1974	tiw	PHOIBLE	Tiwi
1219	trw_lunsford2001	trw	PHOIBLE	Torwali
1220	tdh_lahaussois2002	tdh	PHOIBLE	Thulung
1221	tsj_andvik1999	tsj	PHOIBLE	Tshangla
1222	cof_dickinson2002	cof	PHOIBLE	Colorado; Tsafiki
1223	tzj_dayley1985	tzj	PHOIBLE	Tzutujil
1224	pww_naruemon1995	pww	PHOIBLE	Pwo Karen
1225	tyv_harrison2000	tyv	PHOIBLE	Tuva
1226	kfk_nigam1971	kfk	PHOIBLE	Kinnauri
1227	wtm_gusain2003	wtm	PHOIBLE	Mewati
1228	aty_lynch2000	aty	PHOIBLE	Aneityum
1229	atb_wannemacher1998	atb	PHOIBLE	Zaiwa
1230	cic_gordon-etal2001	cic	PHOIBLE	Chickasaw
1231	fur_miotti2002	fur	PHOIBLE	Friulian
1232	apj_tuttle2002	apj	PHOIBLE	Jicarilla Apache
1233	ega_connell2002	ega	PHOIBLE	Ega
1234	fub_stennes1967	fub	PHOIBLE	Adamawa Fulfulde
1235	are_anderson2000	are	PHOIBLE	Arrarnte
1236	xsu_borgman1990	xsu	PHOIBLE	Sanum{\'a}
1237	pav_everett1997	pav	PHOIBLE	Wari
1238	cro_kaschube1967	cro	PHOIBLE	Crow
1239	boi_chumash1970	boi	PHOIBLE	Barbare{\~n}o
1240	lee_frajzyngier2001	lee	PHOIBLE	Lele (Lye패le패)
